raceId,year,round,circuitId,name,date,time,url,driverId,driverRef,number,code,forename,surname,dob,nationality,driver_url,Car,Warning,Entire Line
1045,2020,15,3,Bahrain Grand Prix,2020-11-29,14:10:00,https://en.wikipedia.org/wiki/2020_Bahrain_Grand_Prix,826,kvyat,26,KVY,Daniil,Kvyat,1994-04-26,Russian,http://en.wikipedia.org/wiki/Daniil_Kvyat,car 26,collision with car 18,Offence - Car 26 - collision with car 18
1045,2020,15,3,Bahrain Grand Prix,2020-11-29,14:10:00,https://en.wikipedia.org/wiki/2020_Bahrain_Grand_Prix,8,raikkonen,7,RAI,Kimi,Räikkönen,1979-10-17,Finnish,http://en.wikipedia.org/wiki/Kimi_R%C3%A4ikk%C3%B6nen,car 7,pit lane speeding,Offence - Car 7 - Pit lane speeding
1045,2020,15,3,Bahrain Grand Prix,2020-11-29,14:10:00,https://en.wikipedia.org/wiki/2020_Bahrain_Grand_Prix,839,ocon,31,OCO,Esteban,Ocon,1996-09-17,French,http://en.wikipedia.org/wiki/Esteban_Ocon,car 31,pit lane speeding,Offence - Car 31 - Pit lane speeding
1044,2020,14,5,Turkish Grand Prix,2020-11-15,10:10:00,https://en.wikipedia.org/wiki/2020_Turkish_Grand_Prix,842,gasly,10,GAS,Pierre,Gasly,1996-02-07,French,http://en.wikipedia.org/wiki/Pierre_Gasly,car 10,pu elements authorization.,Offence - Car 10 - PU Elements authorization.
1044,2020,14,5,Turkish Grand Prix,2020-11-15,10:10:00,https://en.wikipedia.org/wiki/2020_Turkish_Grand_Prix,847,russell,63,RUS,George,Russell,1998-02-15,British,http://en.wikipedia.org/wiki/George_Russell_%28racing_driver%29,car 63,failure to respect double yellow flags,Offence - Car 63 - Failure to respect double yellow flags
1044,2020,14,5,Turkish Grand Prix,2020-11-15,10:10:00,https://en.wikipedia.org/wiki/2020_Turkish_Grand_Prix,846,norris,4,NOR,Lando,Norris,1999-11-13,British,http://en.wikipedia.org/wiki/Lando_Norris,car 4,failure to respect yellow flags at turn 8,Offence - Car 4 - Failure to respect yellow flags at turn 8
1044,2020,14,5,Turkish Grand Prix,2020-11-15,10:10:00,https://en.wikipedia.org/wiki/2020_Turkish_Grand_Prix,832,sainz,55,SAI,Carlos,Sainz,1994-09-01,Spanish,http://en.wikipedia.org/wiki/Carlos_Sainz_Jr.,car 55,impeding car 11,Offence - Car 55 - Impeding car 11
1044,2020,14,5,Turkish Grand Prix,2020-11-15,10:10:00,https://en.wikipedia.org/wiki/2020_Turkish_Grand_Prix,844,leclerc,16,LEC,Charles,Leclerc,1997-10-16,Monegasque,http://en.wikipedia.org/wiki/Charles_Leclerc,car 16,pit lane speeding,Offence - Car 16 - Pit lane speeding
1044,2020,14,5,Turkish Grand Prix,2020-11-15,10:10:00,https://en.wikipedia.org/wiki/2020_Turkish_Grand_Prix,847,russell,63,RUS,George,Russell,1998-02-15,British,http://en.wikipedia.org/wiki/George_Russell_%28racing_driver%29,car 63,pu elements,Offence - Car 63 - PU elements
1043,2020,13,21,Emilia Romagna Grand Prix,2020-11-01,12:10:00,https://en.wikipedia.org/wiki/2020_Emilia_Romagna_Grand_Prix,154,grosjean,8,GRO,Romain,Grosjean,1986-04-17,French,http://en.wikipedia.org/wiki/Romain_Grosjean,car 8,leaving the track,Offence - Car 8 - leaving the track
1043,2020,13,21,Emilia Romagna Grand Prix,2020-11-01,12:10:00,https://en.wikipedia.org/wiki/2020_Emilia_Romagna_Grand_Prix,832,sainz,55,SAI,Carlos,Sainz,1994-09-01,Spanish,http://en.wikipedia.org/wiki/Carlos_Sainz_Jr.,car 55,pit lane speeding,Offence - Car 55 - Pit lane speeding
1043,2020,13,21,Emilia Romagna Grand Prix,2020-11-01,12:10:00,https://en.wikipedia.org/wiki/2020_Emilia_Romagna_Grand_Prix,815,perez,11,PER,Sergio,Pérez,1990-01-26,Mexican,http://en.wikipedia.org/wiki/Sergio_P%C3%A9rez,car 11,pit lane speeding,Offence - Car 11 - Pit lane speeding
1042,2020,12,75,Portuguese Grand Prix,2020-10-25,12:10:00,https://en.wikipedia.org/wiki/2020_Portuguese_Grand_Prix,815,perez,11,PER,Sergio,Pérez,1990-01-26,Mexican,http://en.wikipedia.org/wiki/Sergio_P%C3%A9rez,car 11,incident with car 10,Offence - Car 11 - incident with car 10
1042,2020,12,75,Portuguese Grand Prix,2020-10-25,12:10:00,https://en.wikipedia.org/wiki/2020_Portuguese_Grand_Prix,826,kvyat,26,KVY,Daniil,Kvyat,1994-04-26,Russian,http://en.wikipedia.org/wiki/Daniil_Kvyat,car 26,leaving the track,Offence - Car 26 - leaving the track
1042,2020,12,75,Portuguese Grand Prix,2020-10-25,12:10:00,https://en.wikipedia.org/wiki/2020_Portuguese_Grand_Prix,154,grosjean,8,GRO,Romain,Grosjean,1986-04-17,French,http://en.wikipedia.org/wiki/Romain_Grosjean,car 8,leaving the track,Offence - Car 8 - leaving the track
1042,2020,12,75,Portuguese Grand Prix,2020-10-25,12:10:00,https://en.wikipedia.org/wiki/2020_Portuguese_Grand_Prix,840,stroll,18,STR,Lance,Stroll,1998-10-29,Canadian,http://en.wikipedia.org/wiki/Lance_Stroll,car 18,leaving the track,Offence - Car 18 - leaving the track
1042,2020,12,75,Portuguese Grand Prix,2020-10-25,12:10:00,https://en.wikipedia.org/wiki/2020_Portuguese_Grand_Prix,840,stroll,18,STR,Lance,Stroll,1998-10-29,Canadian,http://en.wikipedia.org/wiki/Lance_Stroll,car 18,collision with car 4,Offence - Car 18 - collision with car 4
1042,2020,12,75,Portuguese Grand Prix,2020-10-25,12:10:00,https://en.wikipedia.org/wiki/2020_Portuguese_Grand_Prix,815,perez,11,PER,Sergio,Pérez,1990-01-26,Mexican,http://en.wikipedia.org/wiki/Sergio_P%C3%A9rez,car 11,impeding car 10,Offence - Car 11 - impeding car 10
1042,2020,12,75,Portuguese Grand Prix,2020-10-25,12:10:00,https://en.wikipedia.org/wiki/2020_Portuguese_Grand_Prix,847,russell,63,RUS,George,Russell,1998-02-15,British,http://en.wikipedia.org/wiki/George_Russell_%28racing_driver%29,car 63,pit exit,Offence - Car 63 - Pit Exit
1042,2020,12,75,Portuguese Grand Prix,2020-10-25,12:10:00,https://en.wikipedia.org/wiki/2020_Portuguese_Grand_Prix,8,raikkonen,7,RAI,Kimi,Räikkönen,1979-10-17,Finnish,http://en.wikipedia.org/wiki/Kimi_R%C3%A4ikk%C3%B6nen,car 7,pit lane speeding,Offence - Car 7 - Pit lane speeding
1041,2020,11,20,Eifel Grand Prix,2020-10-11,13:10:00,https://en.wikipedia.org/wiki/2020_Eifel_Grand_Prix,848,albon,23,ALB,Alexander,Albon,1996-03-23,Thai,http://en.wikipedia.org/wiki/Alexander_Albon,car 23,causing a collision with car 26,Offence - Car 23 - causing a collision with car 26
1041,2020,11,20,Eifel Grand Prix,2020-10-11,13:10:00,https://en.wikipedia.org/wiki/2020_Eifel_Grand_Prix,8,raikkonen,7,RAI,Kimi,Räikkönen,1979-10-17,Finnish,http://en.wikipedia.org/wiki/Kimi_R%C3%A4ikk%C3%B6nen,car 7,causing a collision with car 63,Offence - Car 7 - causing a collision with car 63
1040,2020,10,71,Russian Grand Prix,2020-09-27,11:10:00,https://en.wikipedia.org/wiki/2020_Russian_Grand_Prix,1,hamilton,44,HAM,Lewis,Hamilton,1985-01-07,British,http://en.wikipedia.org/wiki/Lewis_Hamilton,car 44,2nd practice start,Replacement for Document 47 - Offence - Car 44 - 2nd Practice Start
1040,2020,10,71,Russian Grand Prix,2020-09-27,11:10:00,https://en.wikipedia.org/wiki/2020_Russian_Grand_Prix,1,hamilton,44,HAM,Lewis,Hamilton,1985-01-07,British,http://en.wikipedia.org/wiki/Lewis_Hamilton,car 44,1st practice start,Replacement for Document 46 - Offence - Car 44 - 1st Practice Start
1040,2020,10,71,Russian Grand Prix,2020-09-27,11:10:00,https://en.wikipedia.org/wiki/2020_Russian_Grand_Prix,848,albon,23,ALB,Alexander,Albon,1996-03-23,Thai,http://en.wikipedia.org/wiki/Alexander_Albon,car 23,rd instruction turn 2,Offence - Car 23 - RD Instruction Turn 2
1040,2020,10,71,Russian Grand Prix,2020-09-27,11:10:00,https://en.wikipedia.org/wiki/2020_Russian_Grand_Prix,817,ricciardo,3,RIC,Daniel,Ricciardo,1989-07-01,Australian,http://en.wikipedia.org/wiki/Daniel_Ricciardo,car 3,rd instruction,Offence - Car 3 - RD Instruction
1040,2020,10,71,Russian Grand Prix,2020-09-27,11:10:00,https://en.wikipedia.org/wiki/2020_Russian_Grand_Prix,1,hamilton,44,HAM,Lewis,Hamilton,1985-01-07,British,http://en.wikipedia.org/wiki/Lewis_Hamilton,car 44,2nd practice start,Offence - Car 44 - 2nd Practice start
1040,2020,10,71,Russian Grand Prix,2020-09-27,11:10:00,https://en.wikipedia.org/wiki/2020_Russian_Grand_Prix,1,hamilton,44,HAM,Lewis,Hamilton,1985-01-07,British,http://en.wikipedia.org/wiki/Lewis_Hamilton,car 44,1st practice start,Offence - Car 44 - 1st Practice start
1040,2020,10,71,Russian Grand Prix,2020-09-27,11:10:00,https://en.wikipedia.org/wiki/2020_Russian_Grand_Prix,849,latifi,6,LAT,Nicholas,Latifi,1995-06-29,Canadian,http://en.wikipedia.org/wiki/Nicholas_Latifi,car 6,gearbox,Offence - Car 6 - Gearbox
1040,2020,10,71,Russian Grand Prix,2020-09-27,11:10:00,https://en.wikipedia.org/wiki/2020_Russian_Grand_Prix,848,albon,23,ALB,Alexander,Albon,1996-03-23,Thai,http://en.wikipedia.org/wiki/Alexander_Albon,car 23,gearbox,Offence - Car 23 - Gearbox
1040,2020,10,71,Russian Grand Prix,2020-09-27,11:10:00,https://en.wikipedia.org/wiki/2020_Russian_Grand_Prix,8,raikkonen,7,RAI,Kimi,Räikkönen,1979-10-17,Finnish,http://en.wikipedia.org/wiki/Kimi_R%C3%A4ikk%C3%B6nen,car 7,pit lane speeding - 2nd,Offence - Car 7 - Pit lane speeding (2nd)
1040,2020,10,71,Russian Grand Prix,2020-09-27,11:10:00,https://en.wikipedia.org/wiki/2020_Russian_Grand_Prix,830,max_verstappen,33,VER,Max,Verstappen,1997-09-30,Dutch,http://en.wikipedia.org/wiki/Max_Verstappen,car 33,pit lane speeding,Offence - Car 33 - Pit lane speeding
1040,2020,10,71,Russian Grand Prix,2020-09-27,11:10:00,https://en.wikipedia.org/wiki/2020_Russian_Grand_Prix,8,raikkonen,7,RAI,Kimi,Räikkönen,1979-10-17,Finnish,http://en.wikipedia.org/wiki/Kimi_R%C3%A4ikk%C3%B6nen,car 7,pit lane speeding,Offence - Car 7 - Pit lane speeding
1039,2020,9,76,Tuscan Grand Prix,2020-09-13,13:10:00,https://en.wikipedia.org/wiki/2020_Tuscan_Grand_Prix,8,raikkonen,7,RAI,Kimi,Räikkönen,1979-10-17,Finnish,http://en.wikipedia.org/wiki/Kimi_R%C3%A4ikk%C3%B6nen,car 7,pit entry,Offence - Car 7 - Pit entry
1039,2020,9,76,Tuscan Grand Prix,2020-09-13,13:10:00,https://en.wikipedia.org/wiki/2020_Tuscan_Grand_Prix,815,perez,11,PER,Sergio,Pérez,1990-01-26,Mexican,http://en.wikipedia.org/wiki/Sergio_P%C3%A9rez,car 11,collision with car 7,Offence - Car 11 - collision with car 7
1039,2020,9,76,Tuscan Grand Prix,2020-09-13,13:10:00,https://en.wikipedia.org/wiki/2020_Tuscan_Grand_Prix,842,gasly,10,GAS,Pierre,Gasly,1996-02-07,French,http://en.wikipedia.org/wiki/Pierre_Gasly,car 10,pit lane speeding,Offence - Car 10 - Pit lane speeding
1039,2020,9,76,Tuscan Grand Prix,2020-09-13,13:10:00,https://en.wikipedia.org/wiki/2020_Tuscan_Grand_Prix,844,leclerc,16,LEC,Charles,Leclerc,1997-10-16,Monegasque,http://en.wikipedia.org/wiki/Charles_Leclerc,car 16,pit lane speeding,Offence - Car 16 - Pit lane speeding
1039,2020,9,76,Tuscan Grand Prix,2020-09-13,13:10:00,https://en.wikipedia.org/wiki/2020_Tuscan_Grand_Prix,840,stroll,18,STR,Lance,Stroll,1998-10-29,Canadian,http://en.wikipedia.org/wiki/Lance_Stroll,car 18,pit lane speeding,Offence - Car 18 - Pit lane speeding
1039,2020,9,76,Tuscan Grand Prix,2020-09-13,13:10:00,https://en.wikipedia.org/wiki/2020_Tuscan_Grand_Prix,849,latifi,6,LAT,Nicholas,Latifi,1995-06-29,Canadian,http://en.wikipedia.org/wiki/Nicholas_Latifi,car 6,pit lane speeding,Offence - Car 6 - Pit lane speeding
1038,2020,8,14,Italian Grand Prix,2020-09-06,13:10:00,https://en.wikipedia.org/wiki/2020_Italian_Grand_Prix,841,giovinazzi,99,GIO,Antonio,Giovinazzi,1993-12-14,Italian,http://en.wikipedia.org/wiki/Antonio_Giovinazzi,car 99,entering the closed pit lane.,Offence - Car 99 - Entering the closed pit lane.
1038,2020,8,14,Italian Grand Prix,2020-09-06,13:10:00,https://en.wikipedia.org/wiki/2020_Italian_Grand_Prix,1,hamilton,44,HAM,Lewis,Hamilton,1985-01-07,British,http://en.wikipedia.org/wiki/Lewis_Hamilton,car 44,entering closed pit lane,Offence - Car 44 - Entering closed pit lane
1038,2020,8,14,Italian Grand Prix,2020-09-06,13:10:00,https://en.wikipedia.org/wiki/2020_Italian_Grand_Prix,848,albon,23,ALB,Alexander,Albon,1996-03-23,Thai,http://en.wikipedia.org/wiki/Alexander_Albon,car 23,turn 1 incident with car 8,Offence - Car 23 - Turn 1 incident with car 8
1038,2020,8,14,Italian Grand Prix,2020-09-06,13:10:00,https://en.wikipedia.org/wiki/2020_Italian_Grand_Prix,826,kvyat,26,KVY,Daniil,Kvyat,1994-04-26,Russian,http://en.wikipedia.org/wiki/Daniil_Kvyat,car 26,pit lane speeding,Offence - Car 26 - Pit lane speeding
1037,2020,7,13,Belgian Grand Prix,2020-08-30,13:10:00,https://en.wikipedia.org/wiki/2020_Belgian_Grand_Prix,815,perez,11,PER,Sergio,Pérez,1990-01-26,Mexican,http://en.wikipedia.org/wiki/Sergio_P%C3%A9rez,car 11,impeding car 8 in p3,Offence - Car 11 - impeding car 8 in P3
1036,2020,6,4,Spanish Grand Prix,2020-08-16,13:10:00,https://en.wikipedia.org/wiki/2020_Spanish_Grand_Prix,826,kvyat,26,KVY,Daniil,Kvyat,1994-04-26,Russian,http://en.wikipedia.org/wiki/Daniil_Kvyat,car 26,ignoring blue flags,Offence - Car 26 - Ignoring Blue Flags
1036,2020,6,4,Spanish Grand Prix,2020-08-16,13:10:00,https://en.wikipedia.org/wiki/2020_Spanish_Grand_Prix,815,perez,11,PER,Sergio,Pérez,1990-01-26,Mexican,http://en.wikipedia.org/wiki/Sergio_P%C3%A9rez,car 11,ignoring blue flags,Offence - Car 11 - Ignoring Blue Flags
1035,2020,5,9,70th Anniversary Grand Prix,2020-08-09,13:10:00,https://en.wikipedia.org/wiki/70th_Anniversary_Grand_Prix,825,kevin_magnussen,20,MAG,Kevin,Magnussen,1992-10-05,Danish,http://en.wikipedia.org/wiki/Kevin_Magnussen,car 20,re-joined the track in an unsafe manner,Offence - Car 20 - Re-joined the track in an unsafe manner
1035,2020,5,9,70th Anniversary Grand Prix,2020-08-09,13:10:00,https://en.wikipedia.org/wiki/70th_Anniversary_Grand_Prix,839,ocon,31,OCO,Esteban,Ocon,1996-09-17,French,http://en.wikipedia.org/wiki/Esteban_Ocon,car 31,impending car 63,Offence - Car 31 - Impending Car 63
1035,2020,5,9,70th Anniversary Grand Prix,2020-08-09,13:10:00,https://en.wikipedia.org/wiki/70th_Anniversary_Grand_Prix,844,leclerc,16,LEC,Charles,Leclerc,1997-10-16,Monegasque,http://en.wikipedia.org/wiki/Charles_Leclerc,car 16,pit lane speeding,Offence - Car 16 - Pit Lane Speeding
1034,2020,4,9,British Grand Prix,2020-08-02,13:10:00,https://en.wikipedia.org/wiki/2020_British_Grand_Prix,154,grosjean,8,GRO,Romain,Grosjean,1986-04-17,French,http://en.wikipedia.org/wiki/Romain_Grosjean,car 8,alleged moving under braking in turn 6,Offence - Car 8 - Alleged moving under braking in turn 6
1034,2020,4,9,British Grand Prix,2020-08-02,13:10:00,https://en.wikipedia.org/wiki/2020_British_Grand_Prix,841,giovinazzi,99,GIO,Antonio,Giovinazzi,1993-12-14,Italian,http://en.wikipedia.org/wiki/Antonio_Giovinazzi,car 99,failure to slow under the safety car,Offence - Car 99 - Failure to slow under the safety car
1034,2020,4,9,British Grand Prix,2020-08-02,13:10:00,https://en.wikipedia.org/wiki/2020_British_Grand_Prix,848,albon,23,ALB,Alexander,Albon,1996-03-23,Thai,http://en.wikipedia.org/wiki/Alexander_Albon,car 23,incident with car 20 at turn 18,Offence - Car 23 - Incident with Car 20 at Turn 18
1034,2020,4,9,British Grand Prix,2020-08-02,13:10:00,https://en.wikipedia.org/wiki/2020_British_Grand_Prix,826,kvyat,26,KVY,Daniil,Kvyat,1994-04-26,Russian,http://en.wikipedia.org/wiki/Daniil_Kvyat,car 26,new gearbox,Offence - Car 26 - New Gearbox
1034,2020,4,9,British Grand Prix,2020-08-02,13:10:00,https://en.wikipedia.org/wiki/2020_British_Grand_Prix,841,giovinazzi,99,GIO,Antonio,Giovinazzi,1993-12-14,Italian,http://en.wikipedia.org/wiki/Antonio_Giovinazzi,car 99,turn 13 incident,Offence - Car 99 - Turn 13 incident
1033,2020,3,11,Hungarian Grand Prix,2020-07-19,13:10:00,https://en.wikipedia.org/wiki/2020_Hungarian_Grand_Prix,825,kevin_magnussen,20,MAG,Kevin,Magnussen,1992-10-05,Danish,http://en.wikipedia.org/wiki/Kevin_Magnussen,car 20,driver aids on formation lap.,Offence - Car 20 - driver aids on formation lap.
1033,2020,3,11,Hungarian Grand Prix,2020-07-19,13:10:00,https://en.wikipedia.org/wiki/2020_Hungarian_Grand_Prix,154,grosjean,8,GRO,Romain,Grosjean,1986-04-17,French,http://en.wikipedia.org/wiki/Romain_Grosjean,car 8,driver aids on formation lap.,Offence - Car 8 - driver aids on formation lap.
1033,2020,3,11,Hungarian Grand Prix,2020-07-19,13:10:00,https://en.wikipedia.org/wiki/2020_Hungarian_Grand_Prix,849,latifi,6,LAT,Nicholas,Latifi,1995-06-29,Canadian,http://en.wikipedia.org/wiki/Nicholas_Latifi,car 6,unsafe release,Offence - Car 6 - unsafe release
1033,2020,3,11,Hungarian Grand Prix,2020-07-19,13:10:00,https://en.wikipedia.org/wiki/2020_Hungarian_Grand_Prix,8,raikkonen,7,RAI,Kimi,Räikkönen,1979-10-17,Finnish,http://en.wikipedia.org/wiki/Kimi_R%C3%A4ikk%C3%B6nen,car 7,out of position at the start,Offence - Car 7 - Out of position at the start
1032,2020,2,70,Styrian Grand Prix,2020-07-12,13:10:00,https://en.wikipedia.org/wiki/2020_Styrian_Grand_Prix,154,grosjean,8,GRO,Romain,Grosjean,1986-04-17,French,http://en.wikipedia.org/wiki/Romain_Grosjean,car 8,parc ferme,Offence - Car 8 Parc Ferme
1032,2020,2,70,Styrian Grand Prix,2020-07-12,13:10:00,https://en.wikipedia.org/wiki/2020_Styrian_Grand_Prix,841,giovinazzi,99,GIO,Antonio,Giovinazzi,1993-12-14,Italian,http://en.wikipedia.org/wiki/Antonio_Giovinazzi,car 99,gearbox,Offence - Car 99 - Gearbox
1032,2020,2,70,Styrian Grand Prix,2020-07-12,13:10:00,https://en.wikipedia.org/wiki/2020_Styrian_Grand_Prix,844,leclerc,16,LEC,Charles,Leclerc,1997-10-16,Monegasque,http://en.wikipedia.org/wiki/Charles_Leclerc,car 16,impeding car 26,Offence - Car 16 - impeding car 26
1032,2020,2,70,Styrian Grand Prix,2020-07-12,13:10:00,https://en.wikipedia.org/wiki/2020_Styrian_Grand_Prix,846,norris,4,NOR,Lando,Norris,1999-11-13,British,http://en.wikipedia.org/wiki/Lando_Norris,car 4,overtaking car 10 under yellow flags,Offence - Car 4 - Overtaking car 10 under yellow flags
1031,2020,1,70,Austrian Grand Prix,2020-07-05,13:10:00,https://en.wikipedia.org/wiki/2020_Austrian_Grand_Prix,826,kvyat,26,KVY,Daniil,Kvyat,1994-04-26,Russian,http://en.wikipedia.org/wiki/Daniil_Kvyat,car 26,track limits turn 18 2nd,Offence - Car 26 Track limits turn 10 2nd
1031,2020,1,70,Austrian Grand Prix,2020-07-05,13:10:00,https://en.wikipedia.org/wiki/2020_Austrian_Grand_Prix,826,kvyat,26,KVY,Daniil,Kvyat,1994-04-26,Russian,http://en.wikipedia.org/wiki/Daniil_Kvyat,car 26,track limits turn 9,Offence - CAr 26 - Track limits turn 9
1031,2020,1,70,Austrian Grand Prix,2020-07-05,13:10:00,https://en.wikipedia.org/wiki/2020_Austrian_Grand_Prix,20,vettel,5,VET,Sebastian,Vettel,1987-07-03,German,http://en.wikipedia.org/wiki/Sebastian_Vettel,car 5,track limits turn 10 2nd,Offence - Car 5 - Track limits turn 10 2nd
1031,2020,1,70,Austrian Grand Prix,2020-07-05,13:10:00,https://en.wikipedia.org/wiki/2020_Austrian_Grand_Prix,1,hamilton,44,HAM,Lewis,Hamilton,1985-01-07,British,http://en.wikipedia.org/wiki/Lewis_Hamilton,car 44,incident with car 23,Offence - Car 44 - incident with car 23
1031,2020,1,70,Austrian Grand Prix,2020-07-05,13:10:00,https://en.wikipedia.org/wiki/2020_Austrian_Grand_Prix,815,perez,11,PER,Sergio,Pérez,1990-01-26,Mexican,http://en.wikipedia.org/wiki/Sergio_P%C3%A9rez,car 11,pit lane speeding,Offence - Car 11 - Pit lane speeding
1031,2020,1,70,Austrian Grand Prix,2020-07-05,13:10:00,https://en.wikipedia.org/wiki/2020_Austrian_Grand_Prix,826,kvyat,26,KVY,Daniil,Kvyat,1994-04-26,Russian,http://en.wikipedia.org/wiki/Daniil_Kvyat,car 26,track limits turn 10,Offence - Car 26 - Track limits turn 10
1031,2020,1,70,Austrian Grand Prix,2020-07-05,13:10:00,https://en.wikipedia.org/wiki/2020_Austrian_Grand_Prix,154,grosjean,8,GRO,Romain,Grosjean,1986-04-17,French,http://en.wikipedia.org/wiki/Romain_Grosjean,car 8,track limits turn 10,Offence - Car 8 - Track limits turn 10
1031,2020,1,70,Austrian Grand Prix,2020-07-05,13:10:00,https://en.wikipedia.org/wiki/2020_Austrian_Grand_Prix,154,grosjean,8,GRO,Romain,Grosjean,1986-04-17,French,http://en.wikipedia.org/wiki/Romain_Grosjean,car 8,track limits turn 9 - 2nd,Offence - Car 8 - Track limits turn 9 (2nd)
1031,2020,1,70,Austrian Grand Prix,2020-07-05,13:10:00,https://en.wikipedia.org/wiki/2020_Austrian_Grand_Prix,154,grosjean,8,GRO,Romain,Grosjean,1986-04-17,French,http://en.wikipedia.org/wiki/Romain_Grosjean,car 8,track limits turn 9,Offence - Car 8 - Track limits turn 9
1031,2020,1,70,Austrian Grand Prix,2020-07-05,13:10:00,https://en.wikipedia.org/wiki/2020_Austrian_Grand_Prix,1,hamilton,44,HAM,Lewis,Hamilton,1985-01-07,British,http://en.wikipedia.org/wiki/Lewis_Hamilton,car 44,failure to slow for yellow flags - post review,Offence - Car 44 - Failure to slow for yellow flags (post review)
1031,2020,1,70,Austrian Grand Prix,2020-07-05,13:10:00,https://en.wikipedia.org/wiki/2020_Austrian_Grand_Prix,1,hamilton,44,HAM,Lewis,Hamilton,1985-01-07,British,http://en.wikipedia.org/wiki/Lewis_Hamilton,car 44,leaving the track in turn 10,Offence - Car 44 - Leaving the track in turn 10
1031,2020,1,70,Austrian Grand Prix,2020-07-05,13:10:00,https://en.wikipedia.org/wiki/2020_Austrian_Grand_Prix,8,raikkonen,7,RAI,Kimi,Räikkönen,1979-10-17,Finnish,http://en.wikipedia.org/wiki/Kimi_R%C3%A4ikk%C3%B6nen,car 7,track limits turn 9,Offence - Car 7 - Track Limits turn 9
1031,2020,1,70,Austrian Grand Prix,2020-07-05,13:10:00,https://en.wikipedia.org/wiki/2020_Austrian_Grand_Prix,8,raikkonen,7,RAI,Kimi,Räikkönen,1979-10-17,Finnish,http://en.wikipedia.org/wiki/Kimi_R%C3%A4ikk%C3%B6nen,car 7,track limits turn 10 - 3rd,Offence - Car 7 - Track Limits turn 10 (3rd)
1031,2020,1,70,Austrian Grand Prix,2020-07-05,13:10:00,https://en.wikipedia.org/wiki/2020_Austrian_Grand_Prix,840,stroll,18,STR,Lance,Stroll,1998-10-29,Canadian,http://en.wikipedia.org/wiki/Lance_Stroll,car 18,track limits turn10,Offence - Car 18 - Track limits turn10
1031,2020,1,70,Austrian Grand Prix,2020-07-05,13:10:00,https://en.wikipedia.org/wiki/2020_Austrian_Grand_Prix,8,raikkonen,7,RAI,Kimi,Räikkönen,1979-10-17,Finnish,http://en.wikipedia.org/wiki/Kimi_R%C3%A4ikk%C3%B6nen,car 7,track limits in turn 10,Offence - Car 7 - Track Limits in turn 10
1031,2020,1,70,Austrian Grand Prix,2020-07-05,13:10:00,https://en.wikipedia.org/wiki/2020_Austrian_Grand_Prix,825,kevin_magnussen,20,MAG,Kevin,Magnussen,1992-10-05,Danish,http://en.wikipedia.org/wiki/Kevin_Magnussen,car 20,track limits in turn 9,Offence - Car 20 - Track Limits in turn 9
1031,2020,1,70,Austrian Grand Prix,2020-07-05,13:10:00,https://en.wikipedia.org/wiki/2020_Austrian_Grand_Prix,1,hamilton,44,HAM,Lewis,Hamilton,1985-01-07,British,http://en.wikipedia.org/wiki/Lewis_Hamilton,car 44,track limits turn 10,Offence - Car 44 - Track Limits turn 10
1031,2020,1,70,Austrian Grand Prix,2020-07-05,13:10:00,https://en.wikipedia.org/wiki/2020_Austrian_Grand_Prix,840,stroll,18,STR,Lance,Stroll,1998-10-29,Canadian,http://en.wikipedia.org/wiki/Lance_Stroll,car 18,track limits turn 9,Offence - Car 18 - Track Limits Turn 9
1030,2019,21,24,Abu Dhabi Grand Prix,2019-12-01,13:10:00,https://en.wikipedia.org/wiki/2019_Abu_Dhabi_Grand_Prix,822,bottas,77,BOT,Valtteri,Bottas,1989-08-28,Finnish,http://en.wikipedia.org/wiki/Valtteri_Bottas,car 77,pu elements,Offence - Car 77 (PU Elements)
1030,2019,21,24,Abu Dhabi Grand Prix,2019-12-01,13:10:00,https://en.wikipedia.org/wiki/2019_Abu_Dhabi_Grand_Prix,822,bottas,77,BOT,Valtteri,Bottas,1989-08-28,Finnish,http://en.wikipedia.org/wiki/Valtteri_Bottas,car 77,incident with car 8 in turn 11,Offence - Car 77 (incident with car 8 in turn 11)
1029,2019,20,18,Brazilian Grand Prix,2019-11-17,17:10:00,https://en.wikipedia.org/wiki/2019_Brazilian_Grand_Prix,807,hulkenberg,27,HUL,Nico,Hülkenberg,1987-08-19,German,http://en.wikipedia.org/wiki/Nico_H%C3%BClkenberg,car 27,overtaking under the safety car,Offence - Car 27 (overtaking under the safety car)
1029,2019,20,18,Brazilian Grand Prix,2019-11-17,17:10:00,https://en.wikipedia.org/wiki/2019_Brazilian_Grand_Prix,1,hamilton,44,HAM,Lewis,Hamilton,1985-01-07,British,http://en.wikipedia.org/wiki/Lewis_Hamilton,car 44,incident with car 23 in turn 10,Offence - Car 44 (incident with car 23 in turn 10)
1029,2019,20,18,Brazilian Grand Prix,2019-11-17,17:10:00,https://en.wikipedia.org/wiki/2019_Brazilian_Grand_Prix,9,kubica,88,KUB,Robert,Kubica,1984-12-07,Polish,http://en.wikipedia.org/wiki/Robert_Kubica,car 88,unsafel release from a pit stop,Offence - Car 88 (unsafel release from a pit stop)
1029,2019,20,18,Brazilian Grand Prix,2019-11-17,17:10:00,https://en.wikipedia.org/wiki/2019_Brazilian_Grand_Prix,817,ricciardo,3,RIC,Daniel,Ricciardo,1989-07-01,Australian,http://en.wikipedia.org/wiki/Daniel_Ricciardo,car 3,incident with car 20 in turn 4,Offence - Car 3 (incident with car 20 in turn 4)
1029,2019,20,18,Brazilian Grand Prix,2019-11-17,17:10:00,https://en.wikipedia.org/wiki/2019_Brazilian_Grand_Prix,832,sainz,55,SAI,Carlos,Sainz,1994-09-01,Spanish,http://en.wikipedia.org/wiki/Carlos_Sainz_Jr.,car 55,pu elements,Offence - Car 55 (PU elements)
1029,2019,20,18,Brazilian Grand Prix,2019-11-17,17:10:00,https://en.wikipedia.org/wiki/2019_Brazilian_Grand_Prix,844,leclerc,16,LEC,Charles,Leclerc,1997-10-16,Monegasque,http://en.wikipedia.org/wiki/Charles_Leclerc,car 16,pu element,Offence - Car 16 (PU element)
1028,2019,19,69,United States Grand Prix,2019-11-03,19:10:00,https://en.wikipedia.org/wiki/2019_United_States_Grand_Prix,846,norris,4,NOR,Lando,Norris,1999-11-13,British,http://en.wikipedia.org/wiki/Lando_Norris,car 4,track limits turn 19 deletion of lap time,Offence - Car 4 (track limits turn 19 deletion of lap time)
1028,2019,19,69,United States Grand Prix,2019-11-03,19:10:00,https://en.wikipedia.org/wiki/2019_United_States_Grand_Prix,826,kvyat,26,KVY,Daniil,Kvyat,1994-04-26,Russian,http://en.wikipedia.org/wiki/Daniil_Kvyat,car 26,incident with car 11 in turn 15,Offence - Car 26 (incident with car 11 in turn 15)
1028,2019,19,69,United States Grand Prix,2019-11-03,19:10:00,https://en.wikipedia.org/wiki/2019_United_States_Grand_Prix,830,max_verstappen,33,VER,Max,Verstappen,1997-09-30,Dutch,http://en.wikipedia.org/wiki/Max_Verstappen,car 33,race - track limits turn 19 deletion of lap time,Offence - Car 33 (Race - track limits turn 19 deletion of lap time)
1028,2019,19,69,United States Grand Prix,2019-11-03,19:10:00,https://en.wikipedia.org/wiki/2019_United_States_Grand_Prix,846,norris,4,NOR,Lando,Norris,1999-11-13,British,http://en.wikipedia.org/wiki/Lando_Norris,car 4,race - track limits turn 19 deletion of lap time,Offence - Car 4 (Race - track limits turn 19 deletion of lap time)
1028,2019,19,69,United States Grand Prix,2019-11-03,19:10:00,https://en.wikipedia.org/wiki/2019_United_States_Grand_Prix,825,kevin_magnussen,20,MAG,Kevin,Magnussen,1992-10-05,Danish,http://en.wikipedia.org/wiki/Kevin_Magnussen,car 20,2nd - race - track limits turn xx deletion of lap time,Offence - Car 20 (2nd - Race - track limits turn xx deletion of lap time)
1028,2019,19,69,United States Grand Prix,2019-11-03,19:10:00,https://en.wikipedia.org/wiki/2019_United_States_Grand_Prix,847,russell,63,RUS,George,Russell,1998-02-15,British,http://en.wikipedia.org/wiki/George_Russell_%28racing_driver%29,car 63,race - track limits turn 19 deletion of lap time,Offence - Car 63 (Race - track limits turn 19 deletion of lap time)
1028,2019,19,69,United States Grand Prix,2019-11-03,19:10:00,https://en.wikipedia.org/wiki/2019_United_States_Grand_Prix,841,giovinazzi,99,GIO,Antonio,Giovinazzi,1993-12-14,Italian,http://en.wikipedia.org/wiki/Antonio_Giovinazzi,car 99,2nd - race - track limits turn 19 deletion of lap time,Offence - Car 99 (2nd - Race - track limits turn 19 deletion of lap time)
1028,2019,19,69,United States Grand Prix,2019-11-03,19:10:00,https://en.wikipedia.org/wiki/2019_United_States_Grand_Prix,154,grosjean,8,GRO,Romain,Grosjean,1986-04-17,French,http://en.wikipedia.org/wiki/Romain_Grosjean,car 8,2nd - race - track limits turn 19 deletion of lap time,Offence - Car 8 (2nd - Race - track limits turn 19 deletion of lap time)
1028,2019,19,69,United States Grand Prix,2019-11-03,19:10:00,https://en.wikipedia.org/wiki/2019_United_States_Grand_Prix,826,kvyat,26,KVY,Daniil,Kvyat,1994-04-26,Russian,http://en.wikipedia.org/wiki/Daniil_Kvyat,car 26,2nd - race - track limits turn 19 deletion of lap time,Offence - Car 26 (2nd - Race - track limits turn 19 deletion of lap time)
1028,2019,19,69,United States Grand Prix,2019-11-03,19:10:00,https://en.wikipedia.org/wiki/2019_United_States_Grand_Prix,826,kvyat,26,KVY,Daniil,Kvyat,1994-04-26,Russian,http://en.wikipedia.org/wiki/Daniil_Kvyat,car 26,race - track limits turn 19 deletion of lap time,Offence - Car 26 (Race - track limits turn 19 deletion of lap time)
1028,2019,19,69,United States Grand Prix,2019-11-03,19:10:00,https://en.wikipedia.org/wiki/2019_United_States_Grand_Prix,841,giovinazzi,99,GIO,Antonio,Giovinazzi,1993-12-14,Italian,http://en.wikipedia.org/wiki/Antonio_Giovinazzi,car 99,race - track limits turn 19 deletion of lap time,Offence - Car 99 (Race - track limits turn 19 deletion of lap time)
1028,2019,19,69,United States Grand Prix,2019-11-03,19:10:00,https://en.wikipedia.org/wiki/2019_United_States_Grand_Prix,154,grosjean,8,GRO,Romain,Grosjean,1986-04-17,French,http://en.wikipedia.org/wiki/Romain_Grosjean,car 8,race - track limits turn 19 deletion of lap time,Offence - Car 8 (Race - track limits turn 19 deletion of lap time)
1028,2019,19,69,United States Grand Prix,2019-11-03,19:10:00,https://en.wikipedia.org/wiki/2019_United_States_Grand_Prix,825,kevin_magnussen,20,MAG,Kevin,Magnussen,1992-10-05,Danish,http://en.wikipedia.org/wiki/Kevin_Magnussen,car 20,race - track limits turn 19 deletion of lap time,Offence - Car 20 (Race - track limits turn 19 deletion of lap time)
1028,2019,19,69,United States Grand Prix,2019-11-03,19:10:00,https://en.wikipedia.org/wiki/2019_United_States_Grand_Prix,832,sainz,55,SAI,Carlos,Sainz,1994-09-01,Spanish,http://en.wikipedia.org/wiki/Carlos_Sainz_Jr.,car 55,race - track limits turn 19 deletion of lap time,Offence - Car 55 (Race - track limits turn 19 deletion of lap time)
1028,2019,19,69,United States Grand Prix,2019-11-03,19:10:00,https://en.wikipedia.org/wiki/2019_United_States_Grand_Prix,848,albon,23,ALB,Alexander,Albon,1996-03-23,Thai,http://en.wikipedia.org/wiki/Alexander_Albon,car 23,q3 track limits turn 19 deletion of lap time,Offence - Car 23 (Q3 track limits turn 19 deletion of lap time)
1028,2019,19,69,United States Grand Prix,2019-11-03,19:10:00,https://en.wikipedia.org/wiki/2019_United_States_Grand_Prix,826,kvyat,26,KVY,Daniil,Kvyat,1994-04-26,Russian,http://en.wikipedia.org/wiki/Daniil_Kvyat,car 26,q2 track limits turn 19 deletion of lap time,Offence - Car 26 (Q2 track limits turn 19 deletion of lap time)
1028,2019,19,69,United States Grand Prix,2019-11-03,19:10:00,https://en.wikipedia.org/wiki/2019_United_States_Grand_Prix,20,vettel,5,VET,Sebastian,Vettel,1987-07-03,German,http://en.wikipedia.org/wiki/Sebastian_Vettel,car 5,p3 track limits turn 19 deletion of lap time,Offence - Car 5 (P3 track limits turn 19 deletion of lap time)
1028,2019,19,69,United States Grand Prix,2019-11-03,19:10:00,https://en.wikipedia.org/wiki/2019_United_States_Grand_Prix,815,perez,11,PER,Sergio,Pérez,1990-01-26,Mexican,http://en.wikipedia.org/wiki/Sergio_P%C3%A9rez,car 11,pu elements,Offence - Car 11 (PU elements)
1028,2019,19,69,United States Grand Prix,2019-11-03,19:10:00,https://en.wikipedia.org/wiki/2019_United_States_Grand_Prix,815,perez,11,PER,Sergio,Pérez,1990-01-26,Mexican,http://en.wikipedia.org/wiki/Sergio_P%C3%A9rez,car 11,failure to stop for weighing,Offence - Car 11 (failure to stop for weighing)
1028,2019,19,69,United States Grand Prix,2019-11-03,19:10:00,https://en.wikipedia.org/wiki/2019_United_States_Grand_Prix,847,russell,63,RUS,George,Russell,1998-02-15,British,http://en.wikipedia.org/wiki/George_Russell_%28racing_driver%29,car 63,p2 track limits turn 19 deletion of lap time,Offence - Car 63 (P2 track limits turn 19 deletion of lap time)
1028,2019,19,69,United States Grand Prix,2019-11-03,19:10:00,https://en.wikipedia.org/wiki/2019_United_States_Grand_Prix,1,hamilton,44,HAM,Lewis,Hamilton,1985-01-07,British,http://en.wikipedia.org/wiki/Lewis_Hamilton,car 44,p2 track limits turn 19 deletion of lap time,Offence - Car 44 (P2 track limits turn 19 deletion of lap time)
1028,2019,19,69,United States Grand Prix,2019-11-03,19:10:00,https://en.wikipedia.org/wiki/2019_United_States_Grand_Prix,1,hamilton,44,HAM,Lewis,Hamilton,1985-01-07,British,http://en.wikipedia.org/wiki/Lewis_Hamilton,car 44,p2 track limits turn 19 deletion of lap time,Offence - Car 44 (P2 track limits turn 19 deletion of lap time)
1028,2019,19,69,United States Grand Prix,2019-11-03,19:10:00,https://en.wikipedia.org/wiki/2019_United_States_Grand_Prix,20,vettel,5,VET,Sebastian,Vettel,1987-07-03,German,http://en.wikipedia.org/wiki/Sebastian_Vettel,car 5,p2 track limits turn 19 deletion of lap time,Offence - Car 5 (P2 track limits turn 19 deletion of lap time)
1028,2019,19,69,United States Grand Prix,2019-11-03,19:10:00,https://en.wikipedia.org/wiki/2019_United_States_Grand_Prix,846,norris,4,NOR,Lando,Norris,1999-11-13,British,http://en.wikipedia.org/wiki/Lando_Norris,car 4,p2 track limits turn 19 deletion of lap time,Offence - Car 4 (P2 track limits turn 19 deletion of lap time)
1028,2019,19,69,United States Grand Prix,2019-11-03,19:10:00,https://en.wikipedia.org/wiki/2019_United_States_Grand_Prix,848,albon,23,ALB,Alexander,Albon,1996-03-23,Thai,http://en.wikipedia.org/wiki/Alexander_Albon,car 23,p2 track limits turn 19 deletion of lap time,Offence - Car 23 (P2 track limits turn 19 deletion of lap time)
1028,2019,19,69,United States Grand Prix,2019-11-03,19:10:00,https://en.wikipedia.org/wiki/2019_United_States_Grand_Prix,846,norris,4,NOR,Lando,Norris,1999-11-13,British,http://en.wikipedia.org/wiki/Lando_Norris,car 4,track limits turn 19 deletion of lap time,Offence - Car 4 (track limits turn 19 deletion of lap time)
1028,2019,19,69,United States Grand Prix,2019-11-03,19:10:00,https://en.wikipedia.org/wiki/2019_United_States_Grand_Prix,830,max_verstappen,33,VER,Max,Verstappen,1997-09-30,Dutch,http://en.wikipedia.org/wiki/Max_Verstappen,car 33,track limits turn 19 deletion of lap time,Offence - Car 33 (track limits turn 19 deletion of lap time)
1028,2019,19,69,United States Grand Prix,2019-11-03,19:10:00,https://en.wikipedia.org/wiki/2019_United_States_Grand_Prix,1,hamilton,44,HAM,Lewis,Hamilton,1985-01-07,British,http://en.wikipedia.org/wiki/Lewis_Hamilton,car 44,track limits turn 19 deletion of lap time,Offence - Car 44 (track limits turn 19 deletion of lap time)
1028,2019,19,69,United States Grand Prix,2019-11-03,19:10:00,https://en.wikipedia.org/wiki/2019_United_States_Grand_Prix,826,kvyat,26,KVY,Daniil,Kvyat,1994-04-26,Russian,http://en.wikipedia.org/wiki/Daniil_Kvyat,car 26,track limits turn 19 deletion of lap time,Offence - Car 26 (track limits turn 19 deletion of lap time)
1028,2019,19,69,United States Grand Prix,2019-11-03,19:10:00,https://en.wikipedia.org/wiki/2019_United_States_Grand_Prix,844,leclerc,16,LEC,Charles,Leclerc,1997-10-16,Monegasque,http://en.wikipedia.org/wiki/Charles_Leclerc,car 16,track limits turn 19 deletion of lap time,Offence - Car 16 (track limits turn 19 deletion of lap time)
1028,2019,19,69,United States Grand Prix,2019-11-03,19:10:00,https://en.wikipedia.org/wiki/2019_United_States_Grand_Prix,825,kevin_magnussen,20,MAG,Kevin,Magnussen,1992-10-05,Danish,http://en.wikipedia.org/wiki/Kevin_Magnussen,car 20,track limits turn 19 deletion of lap time,Offence - Car 20 (track limits turn 19 deletion of lap time)
1028,2019,19,69,United States Grand Prix,2019-11-03,19:10:00,https://en.wikipedia.org/wiki/2019_United_States_Grand_Prix,840,stroll,18,STR,Lance,Stroll,1998-10-29,Canadian,http://en.wikipedia.org/wiki/Lance_Stroll,car 18,track limits turn 19 deletion of lap time,Offence - Car 18 (track limits turn 19 deletion of lap time)
1028,2019,19,69,United States Grand Prix,2019-11-03,19:10:00,https://en.wikipedia.org/wiki/2019_United_States_Grand_Prix,842,gasly,10,GAS,Pierre,Gasly,1996-02-07,French,http://en.wikipedia.org/wiki/Pierre_Gasly,car 10,track limits turn 19 deletion of lap time,Offence - Car 10 (track limits turn 19 deletion of lap time)
1028,2019,19,69,United States Grand Prix,2019-11-03,19:10:00,https://en.wikipedia.org/wiki/2019_United_States_Grand_Prix,848,albon,23,ALB,Alexander,Albon,1996-03-23,Thai,http://en.wikipedia.org/wiki/Alexander_Albon,car 23,track limits turn 19 deletion of lap time,Offence - Car 23 (track limits turn 19 deletion of lap time)
1027,2019,18,32,Mexican Grand Prix,2019-10-27,19:10:00,https://en.wikipedia.org/wiki/2019_Mexican_Grand_Prix,826,kvyat,26,KVY,Daniil,Kvyat,1994-04-26,Russian,http://en.wikipedia.org/wiki/Daniil_Kvyat,car 26,turn 16 incident with car 27,Offence - Car 26 (Turn 16 incident with car 27)
1027,2019,18,32,Mexican Grand Prix,2019-10-27,19:10:00,https://en.wikipedia.org/wiki/2019_Mexican_Grand_Prix,830,max_verstappen,33,VER,Max,Verstappen,1997-09-30,Dutch,http://en.wikipedia.org/wiki/Max_Verstappen,car 33,failure to slow for a yellow flag,Offence - Car 33 (failure to slow for a yellow flag)
1027,2019,18,32,Mexican Grand Prix,2019-10-27,19:10:00,https://en.wikipedia.org/wiki/2019_Mexican_Grand_Prix,154,grosjean,8,GRO,Romain,Grosjean,1986-04-17,French,http://en.wikipedia.org/wiki/Romain_Grosjean,car 8,track limits - deletion of lap time,Offence - Car 8 (track limits - deletion of lap time)
1026,2019,17,22,Japanese Grand Prix,2019-10-13,05:10:00,https://en.wikipedia.org/wiki/2019_Japanese_Grand_Prix,844,leclerc,16,LEC,Charles,Leclerc,1997-10-16,Monegasque,http://en.wikipedia.org/wiki/Charles_Leclerc,car 16,unsafe condition,Offence - Car 16 (unsafe condition)
1026,2019,17,22,Japanese Grand Prix,2019-10-13,05:10:00,https://en.wikipedia.org/wiki/2019_Japanese_Grand_Prix,844,leclerc,16,LEC,Charles,Leclerc,1997-10-16,Monegasque,http://en.wikipedia.org/wiki/Charles_Leclerc,car 16,turn 1 incident with car 33,Offence - Car 16 (turn 1 incident with car 33)
1026,2019,17,22,Japanese Grand Prix,2019-10-13,05:10:00,https://en.wikipedia.org/wiki/2019_Japanese_Grand_Prix,9,kubica,88,KUB,Robert,Kubica,1984-12-07,Polish,http://en.wikipedia.org/wiki/Robert_Kubica,car 88,gearbox,Offence - Car 88 (Gearbox)
1026,2019,17,22,Japanese Grand Prix,2019-10-13,05:10:00,https://en.wikipedia.org/wiki/2019_Japanese_Grand_Prix,825,kevin_magnussen,20,MAG,Kevin,Magnussen,1992-10-05,Danish,http://en.wikipedia.org/wiki/Kevin_Magnussen,car 20,gearbox,Offence - Car 20 (Gearbox)
1026,2019,17,22,Japanese Grand Prix,2019-10-13,05:10:00,https://en.wikipedia.org/wiki/2019_Japanese_Grand_Prix,815,perez,11,PER,Sergio,Pérez,1990-01-26,Mexican,http://en.wikipedia.org/wiki/Sergio_P%C3%A9rez,car 11,pit lane speeding,Offence - Car 11 (Pit lane speeding)
1025,2019,16,71,Russian Grand Prix,2019-09-29,11:10:00,https://en.wikipedia.org/wiki/2019_Russian_Grand_Prix,825,kevin_magnussen,20,MAG,Kevin,Magnussen,1992-10-05,Danish,http://en.wikipedia.org/wiki/Kevin_Magnussen,car 20,leaving the track and not re-joining as instructed,Offence - Car 20 (leaving the track and not re-joining as instructed)
1025,2019,16,71,Russian Grand Prix,2019-09-29,11:10:00,https://en.wikipedia.org/wiki/2019_Russian_Grand_Prix,8,raikkonen,7,RAI,Kimi,Räikkönen,1979-10-17,Finnish,http://en.wikipedia.org/wiki/Kimi_R%C3%A4ikk%C3%B6nen,car 7,false start,Offence - Car 7 (False Start)
1025,2019,16,71,Russian Grand Prix,2019-09-29,11:10:00,https://en.wikipedia.org/wiki/2019_Russian_Grand_Prix,848,albon,23,ALB,Alexander,Albon,1996-03-23,Thai,http://en.wikipedia.org/wiki/Alexander_Albon,car 23,gearbox,Offence - Car 23 (Gearbox)
1025,2019,16,71,Russian Grand Prix,2019-09-29,11:10:00,https://en.wikipedia.org/wiki/2019_Russian_Grand_Prix,848,albon,23,ALB,Alexander,Albon,1996-03-23,Thai,http://en.wikipedia.org/wiki/Alexander_Albon,car 23,pu elements,Offence - Car 23 (PU Elements)
1025,2019,16,71,Russian Grand Prix,2019-09-29,11:10:00,https://en.wikipedia.org/wiki/2019_Russian_Grand_Prix,848,albon,23,ALB,Alexander,Albon,1996-03-23,Thai,http://en.wikipedia.org/wiki/Alexander_Albon,car 23,change of floor,Offence - Car 23 (Change of floor)
1025,2019,16,71,Russian Grand Prix,2019-09-29,11:10:00,https://en.wikipedia.org/wiki/2019_Russian_Grand_Prix,826,kvyat,26,KVY,Daniil,Kvyat,1994-04-26,Russian,http://en.wikipedia.org/wiki/Daniil_Kvyat,car 26,pu elements,Offence - Car 26 (PU elements)
1025,2019,16,71,Russian Grand Prix,2019-09-29,11:10:00,https://en.wikipedia.org/wiki/2019_Russian_Grand_Prix,842,gasly,10,GAS,Pierre,Gasly,1996-02-07,French,http://en.wikipedia.org/wiki/Pierre_Gasly,car 10,pit lane speeding,Offence - Car 10 (Pit lane speeding)
1025,2019,16,71,Russian Grand Prix,2019-09-29,11:10:00,https://en.wikipedia.org/wiki/2019_Russian_Grand_Prix,9,kubica,88,KUB,Robert,Kubica,1984-12-07,Polish,http://en.wikipedia.org/wiki/Robert_Kubica,car 88,pu elements,Offence - Car 88 (PU elements)
1025,2019,16,71,Russian Grand Prix,2019-09-29,11:10:00,https://en.wikipedia.org/wiki/2019_Russian_Grand_Prix,848,albon,23,ALB,Alexander,Albon,1996-03-23,Thai,http://en.wikipedia.org/wiki/Alexander_Albon,car 23,pu elements,Offence - Car 23 (PU elements)
1025,2019,16,71,Russian Grand Prix,2019-09-29,11:10:00,https://en.wikipedia.org/wiki/2019_Russian_Grand_Prix,842,gasly,10,GAS,Pierre,Gasly,1996-02-07,French,http://en.wikipedia.org/wiki/Pierre_Gasly,car 10,pu elements,Offence - Car 10 (PU elements)
1025,2019,16,71,Russian Grand Prix,2019-09-29,11:10:00,https://en.wikipedia.org/wiki/2019_Russian_Grand_Prix,830,max_verstappen,33,VER,Max,Verstappen,1997-09-30,Dutch,http://en.wikipedia.org/wiki/Max_Verstappen,car 33,pu elements,Offence - Car 33 (PU elements)
1024,2019,15,15,Singapore Grand Prix,2019-09-22,12:10:00,https://en.wikipedia.org/wiki/2019_Singapore_Grand_Prix,841,giovinazzi,99,GIO,Antonio,Giovinazzi,1993-12-14,Italian,http://en.wikipedia.org/wiki/Antonio_Giovinazzi,car 99,turn 8 incident,Offence - Car 99 (Turn 8 Incident)
1024,2019,15,15,Singapore Grand Prix,2019-09-22,12:10:00,https://en.wikipedia.org/wiki/2019_Singapore_Grand_Prix,817,ricciardo,3,RIC,Daniel,Ricciardo,1989-07-01,Australian,http://en.wikipedia.org/wiki/Daniel_Ricciardo,car 3,pu elements,Offence - Car 3 (PU elements)
1024,2019,15,15,Singapore Grand Prix,2019-09-22,12:10:00,https://en.wikipedia.org/wiki/2019_Singapore_Grand_Prix,817,ricciardo,3,RIC,Daniel,Ricciardo,1989-07-01,Australian,http://en.wikipedia.org/wiki/Daniel_Ricciardo,car 3,mgu-k power limit,Offence - Car 3 (MGU-K Power Limit)
1024,2019,15,15,Singapore Grand Prix,2019-09-22,12:10:00,https://en.wikipedia.org/wiki/2019_Singapore_Grand_Prix,815,perez,11,PER,Sergio,Pérez,1990-01-26,Mexican,http://en.wikipedia.org/wiki/Sergio_P%C3%A9rez,car 11,gearbox,Offence - Car 11 (gearbox)
1024,2019,15,15,Singapore Grand Prix,2019-09-22,12:10:00,https://en.wikipedia.org/wiki/2019_Singapore_Grand_Prix,815,perez,11,PER,Sergio,Pérez,1990-01-26,Mexican,http://en.wikipedia.org/wiki/Sergio_P%C3%A9rez,car 11,incident with car 20,Offence - Car 11 (incident with car 20)
1023,2019,14,14,Italian Grand Prix,2019-09-08,13:10:00,https://en.wikipedia.org/wiki/2019_Italian_Grand_Prix,840,stroll,18,STR,Lance,Stroll,1998-10-29,Canadian,http://en.wikipedia.org/wiki/Lance_Stroll,car 18,rejoined the track unsafely,Offence - Car 18 (rejoined the track unsafely)
1023,2019,14,14,Italian Grand Prix,2019-09-08,13:10:00,https://en.wikipedia.org/wiki/2019_Italian_Grand_Prix,20,vettel,5,VET,Sebastian,Vettel,1987-07-03,German,http://en.wikipedia.org/wiki/Sebastian_Vettel,car 5,leaving the track and rejoining unsafely,Offence - Car 5 (leaving the track and rejoining unsafely)
1023,2019,14,14,Italian Grand Prix,2019-09-08,13:10:00,https://en.wikipedia.org/wiki/2019_Italian_Grand_Prix,848,albon,23,ALB,Alexander,Albon,1996-03-23,Thai,http://en.wikipedia.org/wiki/Alexander_Albon,car 23,leaving the track and gaining an advantage,Offence - Car 23 (leaving the track and gaining an advantage)
1023,2019,14,14,Italian Grand Prix,2019-09-08,13:10:00,https://en.wikipedia.org/wiki/2019_Italian_Grand_Prix,8,raikkonen,7,RAI,Kimi,Räikkönen,1979-10-17,Finnish,http://en.wikipedia.org/wiki/Kimi_R%C3%A4ikk%C3%B6nen,car 7,wrong tyres used,Offence - Car 7 (Wrong tyres used)
1023,2019,14,14,Italian Grand Prix,2019-09-08,13:10:00,https://en.wikipedia.org/wiki/2019_Italian_Grand_Prix,8,raikkonen,7,RAI,Kimi,Räikkönen,1979-10-17,Finnish,http://en.wikipedia.org/wiki/Kimi_R%C3%A4ikk%C3%B6nen,car 7,gearbox,Offence - Car 7 (Gearbox)
1023,2019,14,14,Italian Grand Prix,2019-09-08,13:10:00,https://en.wikipedia.org/wiki/2019_Italian_Grand_Prix,8,raikkonen,7,RAI,Kimi,Räikkönen,1979-10-17,Finnish,http://en.wikipedia.org/wiki/Kimi_R%C3%A4ikk%C3%B6nen,car 7,pu elements,Offence - Car 7 (PU elements)
1023,2019,14,14,Italian Grand Prix,2019-09-08,13:10:00,https://en.wikipedia.org/wiki/2019_Italian_Grand_Prix,815,perez,11,PER,Sergio,Pérez,1990-01-26,Mexican,http://en.wikipedia.org/wiki/Sergio_P%C3%A9rez,car 11,pu elements,Offence - Car 11 (PU elements)
1023,2019,14,14,Italian Grand Prix,2019-09-08,13:10:00,https://en.wikipedia.org/wiki/2019_Italian_Grand_Prix,832,sainz,55,SAI,Carlos,Sainz,1994-09-01,Spanish,http://en.wikipedia.org/wiki/Carlos_Sainz_Jr.,car 55,driving unnessarily slowly,Offence - Car 55 (driving unnessarily slowly)
1023,2019,14,14,Italian Grand Prix,2019-09-08,13:10:00,https://en.wikipedia.org/wiki/2019_Italian_Grand_Prix,840,stroll,18,STR,Lance,Stroll,1998-10-29,Canadian,http://en.wikipedia.org/wiki/Lance_Stroll,car 18,driving unnecessarily slowly,Offence - Car 18 (driving unnecessarily slowly)
1023,2019,14,14,Italian Grand Prix,2019-09-08,13:10:00,https://en.wikipedia.org/wiki/2019_Italian_Grand_Prix,807,hulkenberg,27,HUL,Nico,Hülkenberg,1987-08-19,German,http://en.wikipedia.org/wiki/Nico_H%C3%BClkenberg,car 27,driving unnessarily slowly,Offence - Car 27 (driving unnessarily slowly)
1023,2019,14,14,Italian Grand Prix,2019-09-08,13:10:00,https://en.wikipedia.org/wiki/2019_Italian_Grand_Prix,826,kvyat,26,KVY,Daniil,Kvyat,1994-04-26,Russian,http://en.wikipedia.org/wiki/Daniil_Kvyat,car 26,track limits,Offence - Car 26 (Track limits)
1023,2019,14,14,Italian Grand Prix,2019-09-08,13:10:00,https://en.wikipedia.org/wiki/2019_Italian_Grand_Prix,840,stroll,18,STR,Lance,Stroll,1998-10-29,Canadian,http://en.wikipedia.org/wiki/Lance_Stroll,car 18,track limits,Offence - Car 18 (Track limits)
1023,2019,14,14,Italian Grand Prix,2019-09-08,13:10:00,https://en.wikipedia.org/wiki/2019_Italian_Grand_Prix,844,leclerc,16,LEC,Charles,Leclerc,1997-10-16,Monegasque,http://en.wikipedia.org/wiki/Charles_Leclerc,car 16,track limits,Offence - Car 16 (Track limits)
1023,2019,14,14,Italian Grand Prix,2019-09-08,13:10:00,https://en.wikipedia.org/wiki/2019_Italian_Grand_Prix,848,albon,23,ALB,Alexander,Albon,1996-03-23,Thai,http://en.wikipedia.org/wiki/Alexander_Albon,car 23,track limits,Offence - Car 23 (Track limits)
1023,2019,14,14,Italian Grand Prix,2019-09-08,13:10:00,https://en.wikipedia.org/wiki/2019_Italian_Grand_Prix,825,kevin_magnussen,20,MAG,Kevin,Magnussen,1992-10-05,Danish,http://en.wikipedia.org/wiki/Kevin_Magnussen,car 20,track limits,Offence - Car 20 (Track limits)
1023,2019,14,14,Italian Grand Prix,2019-09-08,13:10:00,https://en.wikipedia.org/wiki/2019_Italian_Grand_Prix,154,grosjean,8,GRO,Romain,Grosjean,1986-04-17,French,http://en.wikipedia.org/wiki/Romain_Grosjean,car 8,track limits,Offence - Car 8 (Track limits)
1023,2019,14,14,Italian Grand Prix,2019-09-08,13:10:00,https://en.wikipedia.org/wiki/2019_Italian_Grand_Prix,846,norris,4,NOR,Lando,Norris,1999-11-13,British,http://en.wikipedia.org/wiki/Lando_Norris,car 4,pu elements,Offence - Car 4 (PU elements)
1023,2019,14,14,Italian Grand Prix,2019-09-08,13:10:00,https://en.wikipedia.org/wiki/2019_Italian_Grand_Prix,830,max_verstappen,33,VER,Max,Verstappen,1997-09-30,Dutch,http://en.wikipedia.org/wiki/Max_Verstappen,car 33,pu elements,Offence - Car 33 (PU elements)
1023,2019,14,14,Italian Grand Prix,2019-09-08,13:10:00,https://en.wikipedia.org/wiki/2019_Italian_Grand_Prix,842,gasly,10,GAS,Pierre,Gasly,1996-02-07,French,http://en.wikipedia.org/wiki/Pierre_Gasly,car 10,pu elements,Offence - Car 10 (PU elements)
1023,2019,14,14,Italian Grand Prix,2019-09-08,13:10:00,https://en.wikipedia.org/wiki/2019_Italian_Grand_Prix,846,norris,4,NOR,Lando,Norris,1999-11-13,British,http://en.wikipedia.org/wiki/Lando_Norris,car 4,pu elements,Offence - Car 4 (PU elements)
1022,2019,13,13,Belgian Grand Prix,2019-09-01,13:10:00,https://en.wikipedia.org/wiki/2019_Belgian_Grand_Prix,9,kubica,88,KUB,Robert,Kubica,1984-12-07,Polish,http://en.wikipedia.org/wiki/Robert_Kubica,car 88,pu elements and change of setup,Offence - Car 88 (PU elements and change of setup)
1022,2019,13,13,Belgian Grand Prix,2019-09-01,13:10:00,https://en.wikipedia.org/wiki/2019_Belgian_Grand_Prix,9,kubica,88,KUB,Robert,Kubica,1984-12-07,Polish,http://en.wikipedia.org/wiki/Robert_Kubica,car 88,gearbox,Offence - Car 88 (Gearbox)
1022,2019,13,13,Belgian Grand Prix,2019-09-01,13:10:00,https://en.wikipedia.org/wiki/2019_Belgian_Grand_Prix,841,giovinazzi,99,GIO,Antonio,Giovinazzi,1993-12-14,Italian,http://en.wikipedia.org/wiki/Antonio_Giovinazzi,car 99,gearbox,Offence - Car 99 (Gearbox)
1022,2019,13,13,Belgian Grand Prix,2019-09-01,13:10:00,https://en.wikipedia.org/wiki/2019_Belgian_Grand_Prix,832,sainz,55,SAI,Carlos,Sainz,1994-09-01,Spanish,http://en.wikipedia.org/wiki/Carlos_Sainz_Jr.,car 55,pu elements,Offence - Car 55 (PU Elements)
1022,2019,13,13,Belgian Grand Prix,2019-09-01,13:10:00,https://en.wikipedia.org/wiki/2019_Belgian_Grand_Prix,841,giovinazzi,99,GIO,Antonio,Giovinazzi,1993-12-14,Italian,http://en.wikipedia.org/wiki/Antonio_Giovinazzi,car 99,pu elements,Offence - Car 99 (PU elements)
1022,2019,13,13,Belgian Grand Prix,2019-09-01,13:10:00,https://en.wikipedia.org/wiki/2019_Belgian_Grand_Prix,826,kvyat,26,KVY,Daniil,Kvyat,1994-04-26,Russian,http://en.wikipedia.org/wiki/Daniil_Kvyat,car 26,gearbox,Offence - Car 26 (Gearbox)
1022,2019,13,13,Belgian Grand Prix,2019-09-01,13:10:00,https://en.wikipedia.org/wiki/2019_Belgian_Grand_Prix,844,leclerc,16,LEC,Charles,Leclerc,1997-10-16,Monegasque,http://en.wikipedia.org/wiki/Charles_Leclerc,car 16,pit lane speeding,Offence - Car 16 (Pit lane speeding)
1022,2019,13,13,Belgian Grand Prix,2019-09-01,13:10:00,https://en.wikipedia.org/wiki/2019_Belgian_Grand_Prix,817,ricciardo,3,RIC,Daniel,Ricciardo,1989-07-01,Australian,http://en.wikipedia.org/wiki/Daniel_Ricciardo,car 3,pu elements,Offence - Car 3 (PU elements)
1022,2019,13,13,Belgian Grand Prix,2019-09-01,13:10:00,https://en.wikipedia.org/wiki/2019_Belgian_Grand_Prix,840,stroll,18,STR,Lance,Stroll,1998-10-29,Canadian,http://en.wikipedia.org/wiki/Lance_Stroll,car 18,pu elements,Offence - Car 18 (PU elements)
1022,2019,13,13,Belgian Grand Prix,2019-09-01,13:10:00,https://en.wikipedia.org/wiki/2019_Belgian_Grand_Prix,807,hulkenberg,27,HUL,Nico,Hülkenberg,1987-08-19,German,http://en.wikipedia.org/wiki/Nico_H%C3%BClkenberg,car 27,pu elements,Offence - Car 27 (PU elements)
1022,2019,13,13,Belgian Grand Prix,2019-09-01,13:10:00,https://en.wikipedia.org/wiki/2019_Belgian_Grand_Prix,826,kvyat,26,KVY,Daniil,Kvyat,1994-04-26,Russian,http://en.wikipedia.org/wiki/Daniil_Kvyat,car 26,pu elements,Offence - Car 26 (PU elements)
1022,2019,13,13,Belgian Grand Prix,2019-09-01,13:10:00,https://en.wikipedia.org/wiki/2019_Belgian_Grand_Prix,848,albon,23,ALB,Alexander,Albon,1996-03-23,Thai,http://en.wikipedia.org/wiki/Alexander_Albon,car 23,pu elements,Offence - Car 23 (PU elements)
1022,2019,13,13,Belgian Grand Prix,2019-09-01,13:10:00,https://en.wikipedia.org/wiki/2019_Belgian_Grand_Prix,832,sainz,55,SAI,Carlos,Sainz,1994-09-01,Spanish,http://en.wikipedia.org/wiki/Carlos_Sainz_Jr.,car 55,pu elements,Offence - Car 55 (PU elements)
1021,2019,12,11,Hungarian Grand Prix,2019-08-04,13:10:00,https://en.wikipedia.org/wiki/2019_Hungarian_Grand_Prix,1,hamilton,44,HAM,Lewis,Hamilton,1985-01-07,British,http://en.wikipedia.org/wiki/Lewis_Hamilton,car 44,pit lane speeding - before the race,Offence - Car 44 (pit lane speeding - before the race)
1021,2019,12,11,Hungarian Grand Prix,2019-08-04,13:10:00,https://en.wikipedia.org/wiki/2019_Hungarian_Grand_Prix,817,ricciardo,3,RIC,Daniel,Ricciardo,1989-07-01,Australian,http://en.wikipedia.org/wiki/Daniel_Ricciardo,car 3,pu elements,Offence - Car 3 (PU elements)
1021,2019,12,11,Hungarian Grand Prix,2019-08-04,13:10:00,https://en.wikipedia.org/wiki/2019_Hungarian_Grand_Prix,841,giovinazzi,99,GIO,Antonio,Giovinazzi,1993-12-14,Italian,http://en.wikipedia.org/wiki/Antonio_Giovinazzi,car 99,correction - impeding car 18,Offence - Car 99 (correction - impeding car 18)
1021,2019,12,11,Hungarian Grand Prix,2019-08-04,13:10:00,https://en.wikipedia.org/wiki/2019_Hungarian_Grand_Prix,841,giovinazzi,99,GIO,Antonio,Giovinazzi,1993-12-14,Italian,http://en.wikipedia.org/wiki/Antonio_Giovinazzi,car 99,impeding car 18,Offence - Car 99 (impeding car 18)
1021,2019,12,11,Hungarian Grand Prix,2019-08-04,13:10:00,https://en.wikipedia.org/wiki/2019_Hungarian_Grand_Prix,841,giovinazzi,99,GIO,Antonio,Giovinazzi,1993-12-14,Italian,http://en.wikipedia.org/wiki/Antonio_Giovinazzi,car 99,impeding car 18,Offence - Car 99 (impeding car 18)
1021,2019,12,11,Hungarian Grand Prix,2019-08-04,13:10:00,https://en.wikipedia.org/wiki/2019_Hungarian_Grand_Prix,8,raikkonen,7,RAI,Kimi,Räikkönen,1979-10-17,Finnish,http://en.wikipedia.org/wiki/Kimi_R%C3%A4ikk%C3%B6nen,car 7,pit lane speeding,Offence - Car 7 (pit lane speeding)
1021,2019,12,11,Hungarian Grand Prix,2019-08-04,13:10:00,https://en.wikipedia.org/wiki/2019_Hungarian_Grand_Prix,846,norris,4,NOR,Lando,Norris,1999-11-13,British,http://en.wikipedia.org/wiki/Lando_Norris,car 4,stopping in the pit lane,Offence - Car 4 (stopping in the pit lane)
1020,2019,11,10,German Grand Prix,2019-07-28,13:10:00,https://en.wikipedia.org/wiki/2019_German_Grand_Prix,841,giovinazzi,99,GIO,Antonio,Giovinazzi,1993-12-14,Italian,http://en.wikipedia.org/wiki/Antonio_Giovinazzi,car 99,race start,Offence - Car 99 (Race Start)
1020,2019,11,10,German Grand Prix,2019-07-28,13:10:00,https://en.wikipedia.org/wiki/2019_German_Grand_Prix,8,raikkonen,7,RAI,Kimi,Räikkönen,1979-10-17,Finnish,http://en.wikipedia.org/wiki/Kimi_R%C3%A4ikk%C3%B6nen,car 7,race start,Offence - Car 7 (Race Start)
1020,2019,11,10,German Grand Prix,2019-07-28,13:10:00,https://en.wikipedia.org/wiki/2019_German_Grand_Prix,1,hamilton,44,HAM,Lewis,Hamilton,1985-01-07,British,http://en.wikipedia.org/wiki/Lewis_Hamilton,car 44,pit entry,Offence - Car 44 (pit entry)
1020,2019,11,10,German Grand Prix,2019-07-28,13:10:00,https://en.wikipedia.org/wiki/2019_German_Grand_Prix,20,vettel,5,VET,Sebastian,Vettel,1987-07-03,German,http://en.wikipedia.org/wiki/Sebastian_Vettel,car 5,pu element,Offence - Car 5 (PU Element)
1020,2019,11,10,German Grand Prix,2019-07-28,13:10:00,https://en.wikipedia.org/wiki/2019_German_Grand_Prix,846,norris,4,NOR,Lando,Norris,1999-11-13,British,http://en.wikipedia.org/wiki/Lando_Norris,car 4,pu elements,Offence - Car 4 (PU Elements)
1020,2019,11,10,German Grand Prix,2019-07-28,13:10:00,https://en.wikipedia.org/wiki/2019_German_Grand_Prix,822,bottas,77,BOT,Valtteri,Bottas,1989-08-28,Finnish,http://en.wikipedia.org/wiki/Valtteri_Bottas,car 77,pit lane speeding,Offence - Car 77 (pit lane speeding)
1020,2019,11,10,German Grand Prix,2019-07-28,13:10:00,https://en.wikipedia.org/wiki/2019_German_Grand_Prix,842,gasly,10,GAS,Pierre,Gasly,1996-02-07,French,http://en.wikipedia.org/wiki/Pierre_Gasly,car 10,did not use the track at all times,Offence - Car 10 (did not use the track at all times)
1020,2019,11,10,German Grand Prix,2019-07-28,13:10:00,https://en.wikipedia.org/wiki/2019_German_Grand_Prix,844,leclerc,16,LEC,Charles,Leclerc,1997-10-16,Monegasque,http://en.wikipedia.org/wiki/Charles_Leclerc,car 16,did not use the track at all times,Offence - Car 16 (did not use the track at all times)
1020,2019,11,10,German Grand Prix,2019-07-28,13:10:00,https://en.wikipedia.org/wiki/2019_German_Grand_Prix,9,kubica,88,KUB,Robert,Kubica,1984-12-07,Polish,http://en.wikipedia.org/wiki/Robert_Kubica,car 88,did not use the track at all times,Offence - Car 88 (did not use the track at all times)
1020,2019,11,10,German Grand Prix,2019-07-28,13:10:00,https://en.wikipedia.org/wiki/2019_German_Grand_Prix,8,raikkonen,7,RAI,Kimi,Räikkönen,1979-10-17,Finnish,http://en.wikipedia.org/wiki/Kimi_R%C3%A4ikk%C3%B6nen,car 7,did not use the track at all times - 3rd,Offence - Car 7 (did not use the track at all times - 3rd)
1020,2019,11,10,German Grand Prix,2019-07-28,13:10:00,https://en.wikipedia.org/wiki/2019_German_Grand_Prix,8,raikkonen,7,RAI,Kimi,Räikkönen,1979-10-17,Finnish,http://en.wikipedia.org/wiki/Kimi_R%C3%A4ikk%C3%B6nen,car 7,did not use the track at all times - 2nd,Offence - Car 7 (did not use the track at all times - 2nd)
1020,2019,11,10,German Grand Prix,2019-07-28,13:10:00,https://en.wikipedia.org/wiki/2019_German_Grand_Prix,832,sainz,55,SAI,Carlos,Sainz,1994-09-01,Spanish,http://en.wikipedia.org/wiki/Carlos_Sainz_Jr.,car 55,did not use the track at all times,Offence - Car 55 (did not use the track at all times)
1020,2019,11,10,German Grand Prix,2019-07-28,13:10:00,https://en.wikipedia.org/wiki/2019_German_Grand_Prix,1,hamilton,44,HAM,Lewis,Hamilton,1985-01-07,British,http://en.wikipedia.org/wiki/Lewis_Hamilton,car 44,did not use the track at all times,Offence - Car 44 (did not use the track at all times)
1020,2019,11,10,German Grand Prix,2019-07-28,13:10:00,https://en.wikipedia.org/wiki/2019_German_Grand_Prix,20,vettel,5,VET,Sebastian,Vettel,1987-07-03,German,http://en.wikipedia.org/wiki/Sebastian_Vettel,car 5,did not use the track at all times - 2nd,Offence - Car 5 (did not use the track at all times - 2nd)
1020,2019,11,10,German Grand Prix,2019-07-28,13:10:00,https://en.wikipedia.org/wiki/2019_German_Grand_Prix,826,kvyat,26,KVY,Daniil,Kvyat,1994-04-26,Russian,http://en.wikipedia.org/wiki/Daniil_Kvyat,car 26,did not use the track at all times - 2nd,Offence - Car 26 (did not use the track at all times - 2nd)
1020,2019,11,10,German Grand Prix,2019-07-28,13:10:00,https://en.wikipedia.org/wiki/2019_German_Grand_Prix,848,albon,23,ALB,Alexander,Albon,1996-03-23,Thai,http://en.wikipedia.org/wiki/Alexander_Albon,car 23,did not use the track at all times,Offence - Car 23 (did not use the track at all times)
1020,2019,11,10,German Grand Prix,2019-07-28,13:10:00,https://en.wikipedia.org/wiki/2019_German_Grand_Prix,826,kvyat,26,KVY,Daniil,Kvyat,1994-04-26,Russian,http://en.wikipedia.org/wiki/Daniil_Kvyat,car 26,did not use the track at all times,Offence - Car 26 (did not use the track at all times)
1020,2019,11,10,German Grand Prix,2019-07-28,13:10:00,https://en.wikipedia.org/wiki/2019_German_Grand_Prix,8,raikkonen,7,RAI,Kimi,Räikkönen,1979-10-17,Finnish,http://en.wikipedia.org/wiki/Kimi_R%C3%A4ikk%C3%B6nen,car 7,did not use the track at all times,Offence - Car 7 (did not use the track at all times)
1020,2019,11,10,German Grand Prix,2019-07-28,13:10:00,https://en.wikipedia.org/wiki/2019_German_Grand_Prix,20,vettel,5,VET,Sebastian,Vettel,1987-07-03,German,http://en.wikipedia.org/wiki/Sebastian_Vettel,car 5,did not use the track at all times,Offence - Car 5 (did not use the track at all times)
1019,2019,10,9,British Grand Prix,2019-07-14,13:10:00,https://en.wikipedia.org/wiki/2019_British_Grand_Prix,20,vettel,5,VET,Sebastian,Vettel,1987-07-03,German,http://en.wikipedia.org/wiki/Sebastian_Vettel,car 5,causing a collision with car 33,Offence - Car 5 (causing a collision with car 33)
1018,2019,9,70,Austrian Grand Prix,2019-06-30,13:10:00,https://en.wikipedia.org/wiki/2019_Austrian_Grand_Prix,825,kevin_magnussen,20,MAG,Kevin,Magnussen,1992-10-05,Danish,http://en.wikipedia.org/wiki/Kevin_Magnussen,car 20,moved before start signal was given,Offence - Car 20 (moved before start signal was given)
1018,2019,9,70,Austrian Grand Prix,2019-06-30,13:10:00,https://en.wikipedia.org/wiki/2019_Austrian_Grand_Prix,847,russell,63,RUS,George,Russell,1998-02-15,British,http://en.wikipedia.org/wiki/George_Russell_%28racing_driver%29,car 63,change of frong wing assembly,Offence - Car 63 (Change of frong wing assembly)
1018,2019,9,70,Austrian Grand Prix,2019-06-30,13:10:00,https://en.wikipedia.org/wiki/2019_Austrian_Grand_Prix,1,hamilton,44,HAM,Lewis,Hamilton,1985-01-07,British,http://en.wikipedia.org/wiki/Lewis_Hamilton,car 44,impeding car 7 in turn 3,Offence - Car 44 (Impeding car 7 in turn 3)
1018,2019,9,70,Austrian Grand Prix,2019-06-30,13:10:00,https://en.wikipedia.org/wiki/2019_Austrian_Grand_Prix,847,russell,63,RUS,George,Russell,1998-02-15,British,http://en.wikipedia.org/wiki/George_Russell_%28racing_driver%29,car 63,impeding car 26 in turn 9,Offence - Car 63 (Impeding car 26 in turn 9)
1018,2019,9,70,Austrian Grand Prix,2019-06-30,13:10:00,https://en.wikipedia.org/wiki/2019_Austrian_Grand_Prix,825,kevin_magnussen,20,MAG,Kevin,Magnussen,1992-10-05,Danish,http://en.wikipedia.org/wiki/Kevin_Magnussen,car 20,gearbox,Offence - Car 20 (Gearbox)
1018,2019,9,70,Austrian Grand Prix,2019-06-30,13:10:00,https://en.wikipedia.org/wiki/2019_Austrian_Grand_Prix,807,hulkenberg,27,HUL,Nico,Hülkenberg,1987-08-19,German,http://en.wikipedia.org/wiki/Nico_H%C3%BClkenberg,car 27,pu elements,Offence - Car 27 (PU Elements)
1018,2019,9,70,Austrian Grand Prix,2019-06-30,13:10:00,https://en.wikipedia.org/wiki/2019_Austrian_Grand_Prix,848,albon,23,ALB,Alexander,Albon,1996-03-23,Thai,http://en.wikipedia.org/wiki/Alexander_Albon,car 23,pu elements,Offence - Car 23 (PU Elements)
1018,2019,9,70,Austrian Grand Prix,2019-06-30,13:10:00,https://en.wikipedia.org/wiki/2019_Austrian_Grand_Prix,848,albon,23,ALB,Alexander,Albon,1996-03-23,Thai,http://en.wikipedia.org/wiki/Alexander_Albon,car 23,pu elements,Offence - Car 23 (PU Elements)
1018,2019,9,70,Austrian Grand Prix,2019-06-30,13:10:00,https://en.wikipedia.org/wiki/2019_Austrian_Grand_Prix,832,sainz,55,SAI,Carlos,Sainz,1994-09-01,Spanish,http://en.wikipedia.org/wiki/Carlos_Sainz_Jr.,car 55,pu elements,Offence - Car 55 (PU Elements)
1017,2019,8,34,French Grand Prix,2019-06-23,13:10:00,https://en.wikipedia.org/wiki/2019_French_Grand_Prix,817,ricciardo,3,RIC,Daniel,Ricciardo,1989-07-01,Australian,http://en.wikipedia.org/wiki/Daniel_Ricciardo,car 3,leaving the track and gaining an advantage,Offence - Car 3 (leaving the track and gaining an advantage)
1017,2019,8,34,French Grand Prix,2019-06-23,13:10:00,https://en.wikipedia.org/wiki/2019_French_Grand_Prix,817,ricciardo,3,RIC,Daniel,Ricciardo,1989-07-01,Australian,http://en.wikipedia.org/wiki/Daniel_Ricciardo,car 3,leaving the track and re-joining unsafely,Offence - Car 3 (Leaving the track and re-joining unsafely)
1017,2019,8,34,French Grand Prix,2019-06-23,13:10:00,https://en.wikipedia.org/wiki/2019_French_Grand_Prix,815,perez,11,PER,Sergio,Pérez,1990-01-26,Mexican,http://en.wikipedia.org/wiki/Sergio_P%C3%A9rez,car 11,leaving the track and gaining an advantage,Offence - Car 11 (leaving the track and gaining an advantage)
1017,2019,8,34,French Grand Prix,2019-06-23,13:10:00,https://en.wikipedia.org/wiki/2019_French_Grand_Prix,847,russell,63,RUS,George,Russell,1998-02-15,British,http://en.wikipedia.org/wiki/George_Russell_%28racing_driver%29,car 63,- pu elements,Offence - Car 63 - (PU elements)
1017,2019,8,34,French Grand Prix,2019-06-23,13:10:00,https://en.wikipedia.org/wiki/2019_French_Grand_Prix,830,max_verstappen,33,VER,Max,Verstappen,1997-09-30,Dutch,http://en.wikipedia.org/wiki/Max_Verstappen,car 33,track limits,Offence - Car 33 (Track Limits)
1017,2019,8,34,French Grand Prix,2019-06-23,13:10:00,https://en.wikipedia.org/wiki/2019_French_Grand_Prix,826,kvyat,26,KVY,Daniil,Kvyat,1994-04-26,Russian,http://en.wikipedia.org/wiki/Daniil_Kvyat,car 26,pu elements,Offence - Car 26 (PU elements)
1017,2019,8,34,French Grand Prix,2019-06-23,13:10:00,https://en.wikipedia.org/wiki/2019_French_Grand_Prix,817,ricciardo,3,RIC,Daniel,Ricciardo,1989-07-01,Australian,http://en.wikipedia.org/wiki/Daniel_Ricciardo,car 3,pit lane speeding,Offence - Car 3 (Pit Lane Speeding)
1017,2019,8,34,French Grand Prix,2019-06-23,13:10:00,https://en.wikipedia.org/wiki/2019_French_Grand_Prix,807,hulkenberg,27,HUL,Nico,Hülkenberg,1987-08-19,German,http://en.wikipedia.org/wiki/Nico_H%C3%BClkenberg,car 27,pit lane speeding,Offence - Car 27 (Pit Lane Speeding)
1017,2019,8,34,French Grand Prix,2019-06-23,13:10:00,https://en.wikipedia.org/wiki/2019_French_Grand_Prix,826,kvyat,26,KVY,Daniil,Kvyat,1994-04-26,Russian,http://en.wikipedia.org/wiki/Daniil_Kvyat,car 26,pu elements,Offence - Car 26 (PU elements)
1016,2019,7,7,Canadian Grand Prix,2019-06-09,18:10:00,https://en.wikipedia.org/wiki/2019_Canadian_Grand_Prix,20,vettel,5,VET,Sebastian,Vettel,1987-07-03,German,http://en.wikipedia.org/wiki/Sebastian_Vettel,car 5,re-joinged unsafely and forced car 44 of the track,Offence - Car 5 (re-joinged unsafely and forced car 44 of the track)
1016,2019,7,7,Canadian Grand Prix,2019-06-09,18:10:00,https://en.wikipedia.org/wiki/2019_Canadian_Grand_Prix,825,kevin_magnussen,20,MAG,Kevin,Magnussen,1992-10-05,Danish,http://en.wikipedia.org/wiki/Kevin_Magnussen,car 20,pu element - ce,Offence - Car 20 (PU Element - CE)
1016,2019,7,7,Canadian Grand Prix,2019-06-09,18:10:00,https://en.wikipedia.org/wiki/2019_Canadian_Grand_Prix,825,kevin_magnussen,20,MAG,Kevin,Magnussen,1992-10-05,Danish,http://en.wikipedia.org/wiki/Kevin_Magnussen,car 20,gearbox change,Offence - Car 20 (Gearbox change)
1016,2019,7,7,Canadian Grand Prix,2019-06-09,18:10:00,https://en.wikipedia.org/wiki/2019_Canadian_Grand_Prix,844,leclerc,16,LEC,Charles,Leclerc,1997-10-16,Monegasque,http://en.wikipedia.org/wiki/Charles_Leclerc,car 16,re-joining the track,Offence - Car 16 (Re-joining the track)
1016,2019,7,7,Canadian Grand Prix,2019-06-09,18:10:00,https://en.wikipedia.org/wiki/2019_Canadian_Grand_Prix,832,sainz,55,SAI,Carlos,Sainz,1994-09-01,Spanish,http://en.wikipedia.org/wiki/Carlos_Sainz_Jr.,car 55,impeding car 23 in turn 2,Offence - Car 55 (Impeding car 23 in turn 2)
1015,2019,6,6,Monaco Grand Prix,2019-05-26,13:10:00,https://en.wikipedia.org/wiki/2019_Monaco_Grand_Prix,825,kevin_magnussen,20,MAG,Kevin,Magnussen,1992-10-05,Danish,http://en.wikipedia.org/wiki/Kevin_Magnussen,car 20,leaving the track and gaining an advantage,Offence - Car 20 (Leaving the track and gaining an advantage)
1015,2019,6,6,Monaco Grand Prix,2019-05-26,13:10:00,https://en.wikipedia.org/wiki/2019_Monaco_Grand_Prix,154,grosjean,8,GRO,Romain,Grosjean,1986-04-17,French,http://en.wikipedia.org/wiki/Romain_Grosjean,car 8,pit exit,Offence - Car 8 (Pit Exit)
1015,2019,6,6,Monaco Grand Prix,2019-05-26,13:10:00,https://en.wikipedia.org/wiki/2019_Monaco_Grand_Prix,840,stroll,18,STR,Lance,Stroll,1998-10-29,Canadian,http://en.wikipedia.org/wiki/Lance_Stroll,car 18,leaving the track and gaining an advantage,Offence - Car 18 (leaving the track and gaining an advantage)
1015,2019,6,6,Monaco Grand Prix,2019-05-26,13:10:00,https://en.wikipedia.org/wiki/2019_Monaco_Grand_Prix,841,giovinazzi,99,GIO,Antonio,Giovinazzi,1993-12-14,Italian,http://en.wikipedia.org/wiki/Antonio_Giovinazzi,car 99,collision with car 88 in turn 18,Offence - Car 99 (Collision with car 88 in Turn 18)
1015,2019,6,6,Monaco Grand Prix,2019-05-26,13:10:00,https://en.wikipedia.org/wiki/2019_Monaco_Grand_Prix,830,max_verstappen,33,VER,Max,Verstappen,1997-09-30,Dutch,http://en.wikipedia.org/wiki/Max_Verstappen,car 33,unsafe release from a pit stop,Offence - Car 33 (Unsafe release from a pit stop)
1015,2019,6,6,Monaco Grand Prix,2019-05-26,13:10:00,https://en.wikipedia.org/wiki/2019_Monaco_Grand_Prix,842,gasly,10,GAS,Pierre,Gasly,1996-02-07,French,http://en.wikipedia.org/wiki/Pierre_Gasly,car 10,impeding car 8 in t4,Offence - Car 10 (Impeding car 8 in T4)
1015,2019,6,6,Monaco Grand Prix,2019-05-26,13:10:00,https://en.wikipedia.org/wiki/2019_Monaco_Grand_Prix,841,giovinazzi,99,GIO,Antonio,Giovinazzi,1993-12-14,Italian,http://en.wikipedia.org/wiki/Antonio_Giovinazzi,car 99,impeding car 27 in t18,Offence - Car 99 (Impeding Car 27 in T18)
1015,2019,6,6,Monaco Grand Prix,2019-05-26,13:10:00,https://en.wikipedia.org/wiki/2019_Monaco_Grand_Prix,844,leclerc,16,LEC,Charles,Leclerc,1997-10-16,Monegasque,http://en.wikipedia.org/wiki/Charles_Leclerc,car 16,vsc,Offence - Car 16 (VSC)
1015,2019,6,6,Monaco Grand Prix,2019-05-26,13:10:00,https://en.wikipedia.org/wiki/2019_Monaco_Grand_Prix,1,hamilton,44,HAM,Lewis,Hamilton,1985-01-07,British,http://en.wikipedia.org/wiki/Lewis_Hamilton,car 44,pit lane speeding,Offence - Car 44 (Pit Lane Speeding)
1015,2019,6,6,Monaco Grand Prix,2019-05-26,13:10:00,https://en.wikipedia.org/wiki/2019_Monaco_Grand_Prix,20,vettel,5,VET,Sebastian,Vettel,1987-07-03,German,http://en.wikipedia.org/wiki/Sebastian_Vettel,car 5,pit lane speeeding,Offence - Car 5 (Pit Lane Speeeding)
1015,2019,6,6,Monaco Grand Prix,2019-05-26,13:10:00,https://en.wikipedia.org/wiki/2019_Monaco_Grand_Prix,844,leclerc,16,LEC,Charles,Leclerc,1997-10-16,Monegasque,http://en.wikipedia.org/wiki/Charles_Leclerc,car 16,pit lane speeding,Offence - Car 16 (Pit Lane Speeding)
1014,2019,5,4,Spanish Grand Prix,2019-05-12,13:10:00,https://en.wikipedia.org/wiki/2019_Spanish_Grand_Prix,807,hulkenberg,27,HUL,Nico,Hülkenberg,1987-08-19,German,http://en.wikipedia.org/wiki/Nico_H%C3%BClkenberg,car 27,brake map parameters,Offence - Car 27 (Brake map Parameters)
1014,2019,5,4,Spanish Grand Prix,2019-05-12,13:10:00,https://en.wikipedia.org/wiki/2019_Spanish_Grand_Prix,807,hulkenberg,27,HUL,Nico,Hülkenberg,1987-08-19,German,http://en.wikipedia.org/wiki/Nico_H%C3%BClkenberg,car 27,pu elements,Offence - Car 27 (PU Elements)
1014,2019,5,4,Spanish Grand Prix,2019-05-12,13:10:00,https://en.wikipedia.org/wiki/2019_Spanish_Grand_Prix,841,giovinazzi,99,GIO,Antonio,Giovinazzi,1993-12-14,Italian,http://en.wikipedia.org/wiki/Antonio_Giovinazzi,car 99,gearbox,Offence - Car 99 (Gearbox)
1014,2019,5,4,Spanish Grand Prix,2019-05-12,13:10:00,https://en.wikipedia.org/wiki/2019_Spanish_Grand_Prix,807,hulkenberg,27,HUL,Nico,Hülkenberg,1987-08-19,German,http://en.wikipedia.org/wiki/Nico_H%C3%BClkenberg,car 27,change of front wing,Offence - Car 27 (Change of front wing)
1014,2019,5,4,Spanish Grand Prix,2019-05-12,13:10:00,https://en.wikipedia.org/wiki/2019_Spanish_Grand_Prix,847,russell,63,RUS,George,Russell,1998-02-15,British,http://en.wikipedia.org/wiki/George_Russell_%28racing_driver%29,car 63,gearbox,Offence - Car 63 (Gearbox)
1013,2019,4,73,Azerbaijan Grand Prix,2019-04-28,12:10:00,https://en.wikipedia.org/wiki/2019_Azerbaijan_Grand_Prix,817,ricciardo,3,RIC,Daniel,Ricciardo,1989-07-01,Australian,http://en.wikipedia.org/wiki/Daniel_Ricciardo,car 3,turn 4 incident,Offence - Car 3 (Turn 4 Incident)
1013,2019,4,73,Azerbaijan Grand Prix,2019-04-28,12:10:00,https://en.wikipedia.org/wiki/2019_Azerbaijan_Grand_Prix,9,kubica,88,KUB,Robert,Kubica,1984-12-07,Polish,http://en.wikipedia.org/wiki/Robert_Kubica,car 88,start procedure,Offence - Car 88 (Start Procedure)
1013,2019,4,73,Azerbaijan Grand Prix,2019-04-28,12:10:00,https://en.wikipedia.org/wiki/2019_Azerbaijan_Grand_Prix,8,raikkonen,7,RAI,Kimi,Räikkönen,1979-10-17,Finnish,http://en.wikipedia.org/wiki/Kimi_R%C3%A4ikk%C3%B6nen,car 7,wing flap adjuster hook,Offence - Car 7 (Wing Flap Adjuster Hook)
1013,2019,4,73,Azerbaijan Grand Prix,2019-04-28,12:10:00,https://en.wikipedia.org/wiki/2019_Azerbaijan_Grand_Prix,9,kubica,88,KUB,Robert,Kubica,1984-12-07,Polish,http://en.wikipedia.org/wiki/Robert_Kubica,car 88,suspension setup change,Offence - Car 88 (Suspension Setup Change)
1013,2019,4,73,Azerbaijan Grand Prix,2019-04-28,12:10:00,https://en.wikipedia.org/wiki/2019_Azerbaijan_Grand_Prix,842,gasly,10,GAS,Pierre,Gasly,1996-02-07,French,http://en.wikipedia.org/wiki/Pierre_Gasly,car 10,secu change of parameters,Offence - Car 10 (SECU Change of Parameters)
1013,2019,4,73,Azerbaijan Grand Prix,2019-04-28,12:10:00,https://en.wikipedia.org/wiki/2019_Azerbaijan_Grand_Prix,8,raikkonen,7,RAI,Kimi,Räikkönen,1979-10-17,Finnish,http://en.wikipedia.org/wiki/Kimi_R%C3%A4ikk%C3%B6nen,car 7,front wing,Offence - Car 7 (Front Wing)
1013,2019,4,73,Azerbaijan Grand Prix,2019-04-28,12:10:00,https://en.wikipedia.org/wiki/2019_Azerbaijan_Grand_Prix,842,gasly,10,GAS,Pierre,Gasly,1996-02-07,French,http://en.wikipedia.org/wiki/Pierre_Gasly,car 10,fuel flow,Offence - Car 10 (Fuel Flow)
1013,2019,4,73,Azerbaijan Grand Prix,2019-04-28,12:10:00,https://en.wikipedia.org/wiki/2019_Azerbaijan_Grand_Prix,842,gasly,10,GAS,Pierre,Gasly,1996-02-07,French,http://en.wikipedia.org/wiki/Pierre_Gasly,car 10,gearbox,Offence - Car 10 (Gearbox)
1013,2019,4,73,Azerbaijan Grand Prix,2019-04-28,12:10:00,https://en.wikipedia.org/wiki/2019_Azerbaijan_Grand_Prix,842,gasly,10,GAS,Pierre,Gasly,1996-02-07,French,http://en.wikipedia.org/wiki/Pierre_Gasly,car 10,failure to stop fro weighing,Offence - Car 10 (Failure to stop fro weighing)
1013,2019,4,73,Azerbaijan Grand Prix,2019-04-28,12:10:00,https://en.wikipedia.org/wiki/2019_Azerbaijan_Grand_Prix,841,giovinazzi,99,GIO,Antonio,Giovinazzi,1993-12-14,Italian,http://en.wikipedia.org/wiki/Antonio_Giovinazzi,car 99,pu element,Offence - Car 99 (PU Element)
1012,2019,3,17,Chinese Grand Prix,2019-04-14,06:10:00,https://en.wikipedia.org/wiki/2019_Chinese_Grand_Prix,842,gasly,10,GAS,Pierre,Gasly,1996-02-07,French,http://en.wikipedia.org/wiki/Pierre_Gasly,car 10,pit lane speeding,2019 Chinese Grand Prix - Offence - Car 10 (pit lane speeding)
1012,2019,3,17,Chinese Grand Prix,2019-04-14,06:10:00,https://en.wikipedia.org/wiki/2019_Chinese_Grand_Prix,826,kvyat,26,KVY,Daniil,Kvyat,1994-04-26,Russian,http://en.wikipedia.org/wiki/Daniil_Kvyat,car 26,causing a collision in turn 6,Offence - Car 26 (Causing a collision in turn 6)
1012,2019,3,17,Chinese Grand Prix,2019-04-14,06:10:00,https://en.wikipedia.org/wiki/2019_Chinese_Grand_Prix,848,albon,23,ALB,Alexander,Albon,1996-03-23,Thai,http://en.wikipedia.org/wiki/Alexander_Albon,car 23,gearbox,Offence - Car 23 (Gearbox)
1011,2019,2,3,Bahrain Grand Prix,2019-03-31,15:10:00,https://en.wikipedia.org/wiki/2019_Bahrain_Grand_Prix,826,kvyat,26,KVY,Daniil,Kvyat,1994-04-26,Russian,http://en.wikipedia.org/wiki/Daniil_Kvyat,car 26,pit lane speeding,Offence - Car 26 (Pit Lane Speeding)
1011,2019,2,3,Bahrain Grand Prix,2019-03-31,15:10:00,https://en.wikipedia.org/wiki/2019_Bahrain_Grand_Prix,154,grosjean,8,GRO,Romain,Grosjean,1986-04-17,French,http://en.wikipedia.org/wiki/Romain_Grosjean,car 8,impeding car 4 in turn 14,Offence - Car 8 (Impeding Car 4 in turn 14)
1010,2019,1,1,Australian Grand Prix,2019-03-17,05:10:00,https://en.wikipedia.org/wiki/2019_Australian_Grand_Prix,825,kevin_magnussen,20,MAG,Kevin,Magnussen,1992-10-05,Danish,http://en.wikipedia.org/wiki/Kevin_Magnussen,car 20,unsafe release,Offence - Car 20 (unsafe release)
1010,2019,1,1,Australian Grand Prix,2019-03-17,05:10:00,https://en.wikipedia.org/wiki/2019_Australian_Grand_Prix,846,norris,4,NOR,Lando,Norris,1999-11-13,British,http://en.wikipedia.org/wiki/Lando_Norris,car 4,unsafe release,Offence - Car 4 (unsafe release)
1010,2019,1,1,Australian Grand Prix,2019-03-17,05:10:00,https://en.wikipedia.org/wiki/2019_Australian_Grand_Prix,840,stroll,18,STR,Lance,Stroll,1998-10-29,Canadian,http://en.wikipedia.org/wiki/Lance_Stroll,car 18,pit lane speeding,Offence - Car 18 (Pit Lane Speeding)
